Sample,Group,Time,AC,ASV001,ASV002,ASV003,ASV004,ASV005,ASV006,ASV007,ASV008,ASV009,ASV010,ASV011,ASV012,ASV013,ASV014,ASV015,ASV016,ASV017,ASV018,ASV019,ASV020,ASV021,ASV022,ASV023,ASV024,ASV025,ASV026,ASV027,ASV028,ASV029,ASV030,ASV031,ASV032,ASV033,ASV034,ASV035,ASV036,ASV037,ASV038,ASV039,ASV040,ASV041,ASV042,ASV043,ASV044,ASV045,ASV046,ASV047,ASV048,ASV049,ASV050,ASV051,ASV052,ASV053,ASV054,ASV055,ASV056,ASV057,ASV058,ASV059,ASV060,ASV061,ASV062,ASV063,ASV064,ASV065,ASV066,ASV067,ASV068,ASV069,ASV070,ASV071,ASV072,ASV073,ASV074,ASV075,ASV076,ASV077,ASV078,ASV079,ASV080,ASV081,ASV082,ASV083,ASV084,ASV085,ASV086,ASV087,ASV088,ASV089,ASV090,ASV091,ASV092,ASV093,ASV094,ASV095,ASV096,ASV097,ASV098,ASV099,ASV100,ASV101,ASV102,ASV103,ASV104,ASV105,ASV106,ASV107,ASV108,ASV109,ASV110,ASV111,ASV112,ASV113,ASV114,ASV115,ASV116,ASV117,ASV118,ASV119,ASV120,ASV121,ASV122,ASV123,ASV124,ASV125,ASV126,ASV127,ASV128,ASV129,ASV130,ASV131,ASV132,ASV133,ASV134,ASV135,ASV136,ASV137,ASV138,ASV139,ASV140,ASV141,ASV142,ASV143,ASV144,ASV145,ASV146,ASV147,ASV148,ASV149,ASV150,ASV151,ASV152,ASV153,ASV154,ASV155,ASV156,ASV157,ASV158,ASV159,ASV160,ASV161,ASV162,ASV163,ASV164,ASV165,ASV166,ASV167,ASV168,ASV169,ASV170,ASV171,ASV172,ASV173,ASV174,ASV175,ASV176,ASV177,ASV178,ASV179,ASV180,ASV181,ASV182,ASV183,ASV184,ASV185,ASV186,ASV187,ASV188,ASV189,ASV190,ASV191,ASV192,ASV193,ASV194,ASV195,ASV196,ASV197,ASV198,ASV199,ASV200,ASV201,ASV202,ASV203,ASV204,ASV205,ASV206,ASV207,ASV208,ASV209,ASV210,ASV211,ASV212,ASV213,ASV214,ASV215,ASV216,ASV217,ASV218,ASV219,ASV220,ASV221,ASV222,ASV223,ASV224,ASV225,ASV226,ASV227,ASV228,ASV229,ASV230,ASV231,ASV232,ASV233,ASV234,ASV235,ASV236,ASV237,ASV238,ASV239,ASV240,ASV241,ASV242,ASV243,ASV244,ASV245,ASV246,ASV247,ASV248,ASV249,ASV250,ASV251,ASV252,ASV253,ASV254,ASV255,ASV256,ASV257,ASV258,ASV259,ASV260,ASV261,ASV262,ASV263,ASV264,ASV265,ASV266,ASV267,ASV268,ASV269,ASV270,ASV271,ASV272,ASV273,ASV274,ASV275,ASV276,ASV277,ASV278,ASV279,ASV280,ASV281,ASV282,ASV283,ASV284,ASV285,ASV286,ASV287,ASV288,ASV289,ASV290,ASV291,ASV292,ASV293,ASV294,ASV295,ASV296,ASV297,ASV298,ASV299,ASV300,ASV301,ASV302,ASV303,ASV304,ASV305,ASV306,ASV307,ASV308,ASV309,ASV310,ASV311,ASV312,ASV313,ASV314,ASV315,ASV316,ASV317,ASV318,ASV319,ASV320,ASV321,ASV322,ASV323,ASV324,ASV325,ASV326,ASV327,ASV328,ASV329,ASV330,ASV331,ASV332,ASV333,ASV334,ASV335,ASV336,ASV337,ASV338,ASV339,ASV340,ASV341,ASV342,ASV343,ASV344,ASV345,ASV346,ASV347,ASV348,ASV349,ASV350,ASV351,ASV352,ASV353,ASV354,ASV355,ASV356,ASV357,ASV358,ASV359,ASV360,ASV361,ASV362,ASV363,ASV364,ASV365,ASV366,ASV367,ASV368,ASV369,ASV370,ASV371,ASV372,ASV373,ASV374,ASV375,ASV376,ASV377,ASV378,ASV379,ASV380,ASV381,ASV382,ASV383,ASV384,ASV385,ASV386,ASV387,ASV388,ASV389,ASV390,ASV391,ASV392,ASV393,ASV394,ASV395,ASV396,ASV397,ASV398,ASV399,ASV400,ASV401,ASV402,ASV403,ASV404,ASV405,ASV406,ASV407,ASV408,ASV409,ASV410,ASV411,ASV412,ASV413,ASV414,ASV415,ASV416,ASV417,ASV418,ASV419,ASV420,ASV421,ASV422,ASV423,ASV424,ASV425,ASV426,ASV427,ASV428,ASV429,ASV430,ASV431,ASV432,ASV433,ASV434,ASV435,ASV436,ASV437,ASV438,ASV439,ASV440,ASV441,ASV442,ASV443,ASV444,ASV445,ASV446,ASV447,ASV448,ASV449,ASV450,ASV451,ASV452,ASV453,ASV454,ASV455,ASV456,ASV457,ASV458,ASV459,ASV460,ASV461,ASV462,ASV463,ASV464,ASV465,ASV466,ASV467,ASV468,ASV469,ASV470,ASV471,ASV472,ASV473,ASV474,ASV475,ASV476,ASV477,ASV478,ASV479,ASV480,ASV481,ASV482,ASV483,ASV484,ASV485,ASV486,ASV487,ASV488,ASV489,ASV490,ASV491,ASV492,ASV493,ASV494,ASV495,ASV496,ASV497,ASV498,ASV499,ASV500,ASV501,ASV502,ASV503,ASV504,ASV505,ASV506,ASV507,ASV508,ASV509,ASV510,ASV511,ASV512,ASV513,ASV514,ASV515,ASV516,ASV517,ASV518,ASV519,ASV520,ASV521,ASV522,ASV523,ASV524,ASV525,ASV526,ASV527,ASV528,ASV529,ASV530,ASV531,ASV532,ASV533,ASV534,ASV535,ASV536,ASV537,ASV538,ASV539,ASV540,ASV541,ASV542,ASV543,ASV544,ASV545,ASV546,ASV547,ASV548,ASV549,ASV550,ASV551,ASV552,ASV553,ASV554,ASV555,ASV556,ASV557,ASV558,ASV559,ASV560,ASV561,ASV562,ASV563,ASV564,ASV565,ASV566,ASV567,ASV568,ASV569,ASV570,ASV571,ASV572,ASV573,ASV574,ASV575,ASV576,ASV577,ASV578,ASV579,ASV580,ASV581,ASV582,ASV583,ASV584,ASV585,ASV586,ASV587,ASV588,ASV589,ASV590,ASV591,ASV592,ASV593,ASV594,ASV595,ASV596,ASV597,ASV598,ASV599,ASV600,ASV601,ASV602,ASV603,ASV604,ASV605,ASV606,ASV607,ASV608,ASV609,ASV610,ASV611,ASV612,ASV613,ASV614,ASV615,ASV616,ASV617,ASV618,ASV619,ASV620,ASV621,ASV622,ASV623,ASV624,ASV625,ASV626,ASV627,ASV628,ASV629,ASV630,ASV631,ASV632,ASV633,ASV634,ASV635,ASV636,ASV637,ASV638,ASV639,ASV640,ASV641,ASV642,ASV643,ASV644,ASV645,ASV646,ASV647,ASV648,ASV649,ASV650,ASV651,ASV652,ASV653,ASV654,ASV655,ASV656,ASV657,ASV658,ASV659,ASV660,ASV661,ASV662,ASV663,ASV664,ASV665,ASV666,ASV667,ASV668,ASV669,ASV670,ASV671,ASV672,ASV673,ASV674,ASV675,ASV676,ASV677,ASV678,ASV679,ASV680,ASV681,ASV682,ASV683,ASV684,ASV685,ASV686,ASV687,ASV688,ASV689,ASV690,ASV691,ASV692,ASV693,ASV694,ASV695,ASV696,ASV697,ASV698,ASV699,ASV700,ASV701,ASV702,ASV703,ASV704,ASV705,ASV706,ASV707,ASV708,ASV709,ASV710,ASV711,ASV712,ASV713,ASV714,ASV715,ASV716,ASV717,ASV718,ASV719,ASV720,ASV721,ASV722,ASV723,ASV724,ASV725,ASV726,ASV727,ASV728,ASV729,ASV730,ASV731,ASV732,ASV733,ASV734,ASV735,ASV736,ASV737,ASV738,ASV739,ASV740,ASV741,ASV742,ASV743,ASV744,ASV745,ASV746,ASV747,ASV748,ASV749,ASV750,ASV751,ASV752,ASV753,ASV754,ASV755,ASV756,ASV757,ASV758,ASV759,ASV760,ASV761,ASV762,ASV763,ASV764,ASV765,ASV766,ASV767,ASV768,ASV769,ASV770,ASV771,ASV772,ASV773,ASV774,ASV775,ASV776,ASV777,ASV778,ASV779,ASV780,ASV781,ASV782,ASV783,ASV784,ASV785
D0-MaCont1,MaCont,0 d,72.57,66.217025,1.97044335,3.43292973,1.071160014,0.075196047,7.946227153,3.277933797,2.496815678,0.244003499,0.365237942,0.039899943,1.793962832,0.257815018,0.385187913,0,0.420484017,2.228258367,2.575080951,0.023019198,0.015346132,0.682902874,2.205239169,0.18722281,0,0,0,0,0,0,0,0,0,0,0,0,0,0,0,0,0,0,0,0.062919141,0,0,0,0,0,0,0.010742292,0.518699262,0,0,0,0,0,0,0,0,0.03836533,0,0,0,0,0,0,0,0,0,0,0,0,0,0,0,0,0.138115188,0,0,0,0.431226309,0,0.179549744,0,0,0,0,0,0,0,0,0,0.013811519,0,0,0,0,0,0,0,0,0,0,0,0,0,0,0,0,0,0,0.029157651,0,0.084403726,0,0,0,0,0,0,0,0,0,0,0,0,0,0,0,0,0,0,0,0,0,0,0,0,0,0,0,0,0,0.073661434,0,0,0.108957537,0,0,0,0,0,0,0,0,0,0,0,0,0,0.082869113,0,0,0,0,0,0,0.026088424,0,0,0,0,0,0,0,0,0,0,0,0,0,0,0,0,0,0,0,0,0,0,0,0,0,0,0,0,0,0,0,0,0,0,0,0,0,0,0,0,0,0,0,0,0,0,0,0,0,0,0,0,0,0,0,0,0,0,0,0,0,0,0.035296104,0,0,0,0,0,0,0,0,0,0,0,0,0,0,0,0,0,0,0,0,0,0,0,0,0,0,0,0,0,0,0.009207679,0,0,0,0,0,0,0,0,0,0,0,0,0,0,0,0,0,0,0,0,0,0,0,0,0,0,0,0,0,0,0,0,0,0.039899943,0,0,0,0,0,0,0,0,0,0,0.07673066,0.010742292,0,0,0,0,0,0,0,0,0,0,0,0,0,0,0,0,0,0,0,0,0,0,0,0,0.012276906,0.016880745,0,0,0,0,0,0,0,0,0,0,0,0,0,0,0,0,0,0,0,0,0,0,0,0,0,0,0,0,0,0,0,0,0,0,0,0,0,0,0,0,0.030692264,0,0,0,0,0,0,0,0,0,0,0,0,0,0,0,0,0.012276906,0,0,0,0,0,0,0,0,0,0,0,0,0,0,0,0,0,0,0,0,0,0,0,0,0,0,0,0,0,0,0,0,0,0.003069226,0,0,0,0,0,0,0,0,0,0,0,0,0,0.041434556,0,0,0,0,0,0,0,0,0,0,0,0,0,0,0,0,0,0,0,0,0,0,0,0,0,0,0,0,0,0,0,0,0,0,0,0,0,0,0,0,0,0,0,0,0,0,0,0,0,0,0,0,0,0,0,0,0,0,0,0,0,0,0,0,0,0,0,0,0,0,0,0,0,0,0,0,0,0,0,0,0,0,0,0,0,0,0,0,0,0,0,0,0,0,0,0,0,0,0,0,0,0,0,0,0,0,0,0,0,0,0,0,0,0,0,0,0,0,0,0,0,0,0,0,0,0,0,0,0,0,0,0,0,0,0,0,0,0,0,0,0,0,0,0,0,0,0,0,0,0,0,0,0,0,0,0,0,0,0,0,0,0,0,0,0,0,0,0,0,0,0,0,0,0,0,0,0,0,0,0,0,0,0,0,0,0,0,0,0,0,0,0,0,0,0,0,0,0.001534613,0,0,0,0,0,0,0,0,0,0,0,0,0,0,0,0,0,0,0,0,0,0,0,0,0,0,0,0,0,0,0,0,0,0,0,0,0,0,0,0,0,0,0,0,0,0,0,0,0,0,0,0,0,0,0,0,0,0,0,0,0,0,0,0,0,0,0,0,0,0,0,0,0,0,0,0,0,0,0,0,0,0,0,0,0,0,0,0,0,0,0,0,0,0,0,0,0,0,0,0,0,0,0,0,0,0,0,0,0,0,0,0,0,0,0,0,0,0,0,0,0,0,0,0,0,0,0,0,0,0,0,0,0,0,0,0,0,0,0,0,0,0,0,0,0,0,0
D0-MaCont2,MaCont,0 d,70.89,73.66598015,2.65867815,2.776633589,0.790114211,1.344317544,5.841602696,1.941583973,1.095300506,0.159146227,0.329526306,0.058041565,1.512825314,0.267740124,0.372589403,0,0.280846283,1.346189852,1.434188354,0.028084628,0.01310616,0.333270923,1.527803782,0.301441678,0,0,0,0,0,0,0,0,0,0,0,0,0,0,0,0,0,0,0,0.099232353,0,0,0,0,0,0,0,0.542969481,0,0,0,0,0,0,0,0,0.035573863,0,0,0,0,0,0,0,0,0,0,0,0,0,0,0,0,0.18161393,0,0,0,0.346377083,0,0.222804718,0,0,0,0,0,0,0,0,0,0.014978468,0,0,0,0,0,0,0,0,0,0,0,0,0,0,0,0,0,0,0.018723086,0,0.089870811,0,0,0,0,0,0,0,0,0,0,0,0,0,0,0,0,0,0,0,0,0,0,0,0,0,0,0,0,0,0.084253885,0,0,0.03931848,0,0,0,0,0,0,0,0,0,0,0,0,0,0,0,0,0,0,0,0,0.020595394,0,0,0,0,0,0,0,0,0,0,0,0,0,0,0,0,0,0,0,0,0,0,0,0,0,0,0,0,0,0,0,0,0,0,0,0,0,0,0,0,0,0,0,0,0,0,0,0,0,0,0,0,0,0,0,0,0,0,0,0,0,0,0.031829245,0,0,0,0,0,0,0,0,0,0,0,0,0,0,0,0,0,0,0,0,0,0,0,0,0,0,0,0,0,0,0.009361543,0,0,0,0,0,0,0,0,0,0,0,0,0,0,0,0,0,0,0,0,0,0,0,0,0,0,0,0,0,0,0,0,0,0.063658491,0,0,0,0,0,0,0,0,0,0,0.046807714,0.014978468,0,0,0,0,0,0,0,0,0,0,0,0,0,0,0,0,0,0,0,0,0,0,0,0,0.014978468,0,0,0,0,0,0,0,0,0,0,0,0,0,0,0,0,0,0,0,0,0,0,0,0,0,0,0,0,0,0,0,0,0,0,0,0,0,0,0,0,0,0.018723086,0,0,0,0,0,0,0,0,0,0,0,0,0,0,0,0,0,0,0,0,0,0,0,0,0,0,0,0,0,0,0,0,0,0,0,0,0,0,0,0,0,0,0,0,0,0,0,0,0,0,0,0,0,0,0,0,0,0,0,0,0,0,0,0,0,0,0,0,0,0,0,0,0,0,0,0,0,0,0,0,0,0,0,0,0,0,0,0,0,0,0,0,0,0,0,0,0,0,0,0,0,0,0,0,0,0,0,0,0,0,0,0,0,0,0,0,0,0,0,0,0,0,0,0,0,0,0,0,0,0,0,0,0,0,0,0,0.022467703,0,0,0,0,0,0,0,0,0,0,0,0,0,0,0,0,0,0,0,0,0,0,0,0,0,0,0,0,0,0,0,0,0,0,0,0,0,0,0,0,0,0,0,0,0,0,0,0,0,0,0,0,0,0,0,0,0,0,0,0,0,0,0,0,0,0,0,0,0,0,0,0,0,0,0,0,0,0,0,0,0,0,0,0,0,0,0,0,0,0,0,0,0,0,0,0,0,0,0,0,0,0,0,0,0,0,0,0,0,0,0,0,0,0,0,0,0,0,0,0,0,0,0,0,0.001872309,0,0,0,0,0,0,0,0,0,0,0,0,0,0,0,0,0,0,0,0,0,0,0,0,0,0,0,0,0,0,0,0,0,0,0,0,0,0,0,0,0,0,0,0,0,0,0,0,0,0,0,0,0,0,0,0,0,0,0,0,0,0,0,0,0,0,0,0,0,0,0,0,0,0,0,0,0,0,0,0,0,0,0,0,0,0,0,0,0,0,0,0,0,0,0,0,0,0,0,0,0,0,0,0,0,0,0,0,0,0,0,0,0,0,0,0,0,0,0,0,0,0,0,0,0,0,0,0,0,0,0,0,0,0,0,0,0,0,0,0,0,0,0,0,0,0,0,0
D1-MaCont1,MaCont,1 d,77.09,61.18658459,5.818297601,13.71046487,5.76310762,0.06792613,1.526215241,1.394608363,1.36276799,0.118870728,1.197198047,0.031840374,0.810868181,0.396943324,0.439397156,0,1.383994906,1.562300998,0.278072596,0.157079176,0.114625345,0.152833793,0.67501592,0.295054129,0,0,0,0,0,0,0,0,0,0,0,0,0,0.082784971,0,0,0,0,0,0.322649119,0,0,0,0,0,0,0.084907663,0.329017194,0,0,0,0,0,0,0,0,0.044576523,0,0,0,0,0.042453831,0,0,0,0,0,0,0,0,0,0,0,0.116748037,0,0,0,0.042453831,0,0.038208448,0,0,0,0,0,0,0,0,0,0.02759499,0,0,0,0,0,0,0,0,0,0,0,0,0,0,0,0,0,0,0.104011887,0,0.072171513,0,0,0,0,0,0,0,0,0,0,0,0,0,0,0,0,0,0,0,0,0,0,0,0,0,0,0,0,0,0.042453831,0,0,0,0,0,0,0,0,0,0,0,0,0,0,0,0,0,0,0,0,0,0,0,0.050944598,0,0,0,0,0,0,0,0,0,0,0,0,0,0,0,0,0,0,0,0,0,0,0,0,0,0,0,0,0,0,0,0,0,0,0,0,0,0,0,0,0,0,0,0,0,0,0,0,0,0,0,0,0,0,0,0,0,0,0,0,0,0,0.053067289,0,0,0,0,0,0,0,0,0,0,0,0,0,0,0,0,0,0,0,0,0,0,0,0,0,0,0,0,0,0,0.012736149,0,0,0,0,0,0,0,0,0,0,0,0,0,0,0,0,0,0,0,0,0,0,0,0,0,0,0,0,0,0,0,0,0,0.031840374,0,0,0,0,0,0,0,0,0,0,0,0,0,0,0,0,0,0,0,0,0,0,0,0,0,0,0,0,0,0,0,0,0,0,0,0,0.046699215,0,0,0,0,0,0,0,0,0,0,0,0,0,0,0,0,0,0,0,0,0,0,0,0,0,0,0,0,0,0,0,0,0,0,0,0,0,0,0,0,0,0,0,0,0,0,0,0,0,0,0,0,0,0,0,0,0,0,0,0,0,0,0,0,0,0,0,0,0,0,0,0,0,0,0,0,0,0,0,0,0,0,0,0,0,0,0,0,0,0,0,0,0,0,0,0,0,0,0,0,0,0,0,0,0,0,0,0,0,0,0,0,0,0,0,0,0,0,0,0,0,0,0,0,0,0,0,0,0,0,0,0,0,0,0,0,0,0,0,0,0,0,0,0,0,0,0,0,0,0,0,0,0,0,0,0,0,0,0,0,0,0,0,0,0,0,0,0,0,0,0,0,0,0,0,0,0,0,0,0,0,0,0,0,0,0,0,0,0,0,0,0,0,0,0,0,0,0,0,0,0,0,0,0,0,0,0,0,0,0,0,0,0,0,0,0,0,0,0,0,0,0,0,0,0,0,0,0,0,0,0,0,0,0,0,0,0,0,0,0,0,0,0,0,0,0,0,0,0,0,0,0,0,0,0,0,0,0,0,0,0,0,0,0,0,0,0,0,0,0,0,0,0,0,0,0.008490766,0,0,0,0,0,0,0,0,0,0,0,0,0,0,0,0,0,0,0,0,0,0,0,0,0,0,0,0,0.002122692,0,0,0,0,0,0,0,0,0,0,0,0,0,0,0,0,0,0,0,0,0,0,0,0,0,0,0,0,0,0,0,0,0,0,0,0,0,0,0,0,0,0,0,0,0,0,0,0,0,0,0,0,0,0,0,0,0,0,0,0,0,0,0,0,0,0,0,0,0,0,0,0,0,0,0,0,0,0,0,0,0,0,0,0,0,0,0,0,0,0,0,0,0,0,0,0,0,0,0,0,0,0,0,0,0,0,0,0,0,0,0,0,0,0,0,0,0,0,0,0,0,0,0,0,0,0,0,0,0,0,0,0,0,0,0,0,0,0,0,0,0,0,0,0,0,0,0
D1-MaCont2,MaCont,1 d,80.12,61.85727761,6.054247599,13.03058887,5.588388165,0.053901091,1.430303964,1.253200377,1.368702716,0.142452885,1.176198818,0.078926598,0.69878915,0.28298073,0.383082757,0,1.586232121,1.617032745,0.288755847,0.182878703,0.111652261,0.130902651,0.748840164,0.367682446,0,0,0,0,0,0,0,0,0,0,0,0,0,0.067376364,0,0,0,0,0,0.365757407,0,0,0,0,0,0,0.080851637,0.232929717,0,0,0,0,0,0,0,0,0.036575741,0,0,0,0,0.021175429,0,0,0,0,0,0,0,0,0,0,0,0.098176988,0.021175429,0,0,0.042350858,0,0.051976053,0,0,0,0,0,0,0,0,0,0.059676208,0,0,0,0,0,0,0,0,0,0,0,0,0,0,0,0,0,0.011550234,0.073151481,0,0.078926598,0,0,0,0,0,0,0,0,0,0,0,0,0.040425819,0,0,0,0,0,0,0,0,0,0,0,0,0,0,0,0,0,0,0,0,0,0,0,0,0,0,0,0,0,0,0,0,0,0,0,0,0,0,0,0,0.046200936,0,0,0,0,0,0,0,0,0,0,0,0,0,0,0,0,0,0,0,0,0,0,0,0,0,0,0,0,0,0,0,0,0,0,0,0,0,0,0,0,0,0,0,0,0,0,0,0,0,0,0,0,0,0,0,0,0,0,0,0,0,0,0,0,0,0,0,0.017325351,0,0,0,0,0,0,0,0,0,0,0,0,0,0,0,0,0,0,0,0,0,0,0,0,0,0,0,0,0,0,0,0,0,0,0,0,0,0,0,0,0,0,0,0,0,0,0,0,0,0,0,0.036575741,0,0,0,0,0,0,0,0,0,0,0,0,0,0,0,0,0,0,0.01925039,0.011550234,0,0,0,0,0,0,0,0,0,0,0,0,0,0,0,0,0.025025507,0,0,0,0,0,0,0,0.03850078,0,0,0,0,0,0,0,0,0,0,0,0,0,0,0,0,0,0,0,0,0,0,0,0,0,0,0,0,0,0,0,0,0,0,0,0,0,0,0,0,0,0,0,0,0,0,0,0,0,0,0,0,0,0,0,0,0,0,0,0,0,0,0,0,0,0,0,0,0,0,0,0,0,0,0,0,0,0,0,0,0,0,0,0,0,0,0,0,0,0,0,0,0,0,0,0,0,0,0,0,0,0.059676208,0,0,0,0.015400312,0,0,0,0,0,0,0,0,0,0,0,0,0,0,0,0,0,0,0,0,0,0,0,0,0,0,0,0,0,0,0,0,0,0,0,0,0,0,0,0,0,0,0,0,0,0,0,0,0,0,0,0,0,0,0,0,0,0,0,0,0,0,0,0,0,0,0,0,0,0,0,0,0,0,0,0,0,0,0,0,0,0,0,0,0,0,0,0,0,0,0,0,0,0,0,0,0,0,0,0,0,0,0,0,0,0,0,0,0,0,0,0,0,0,0,0,0,0,0,0,0,0,0,0,0,0,0,0,0,0,0,0,0,0,0,0,0,0,0,0,0,0,0,0,0,0,0,0,0,0,0,0,0,0,0,0,0,0,0,0,0,0,0,0,0,0,0,0,0,0.015400312,0,0,0,0,0,0,0,0,0,0,0,0,0,0,0,0,0,0,0,0,0,0,0,0,0,0,0,0,0,0,0,0,0,0,0,0,0,0,0,0,0,0,0,0,0,0,0,0,0,0,0,0,0,0,0,0,0,0,0,0,0,0,0,0,0,0,0,0,0,0,0,0,0,0,0,0,0,0,0,0,0,0,0,0,0,0,0,0,0,0,0,0,0,0,0,0,0,0,0,0,0,0,0,0,0,0,0,0,0,0,0,0,0,0,0,0,0,0,0,0,0,0,0,0,0,0,0,0,0,0,0,0,0,0,0,0,0,0,0,0,0,0,0,0,0,0,0,0,0,0,0,0,0,0,0,0,0,0,0,0,0,0,0,0,0,0,0,0,0,0,0,0,0,0,0,0
D3-MaCon1,MaCont,3 d,131.6,65.39291217,5.269645609,8.385370205,7.535479685,0.107047279,1.518125051,0.914767659,2.259346363,0.145973563,1.276457708,0.050279783,0.614710891,0.193009488,0.395750547,0,0.574162679,1.510015408,0.317897981,0.230313843,0.089206066,0.098937637,0.720136242,0.386018977,0,0,0,0,0,0,0,0,0,0,0,0,0,0.048657854,0,0,0,0,0,0.361690049,0,0,0,0,0,0,0.102181494,0.421701403,0,0,0,0,0,0,0,0,0.048657854,0,0,0,0,0.022706999,0,0,0,0,0,0,0.019463142,0,0,0,0,0.207606845,0,0,0,0.111913065,0,0.110291136,0,0,0,0,0,0,0,0,0,0,0,0,0,0,0,0,0,0,0,0,0,0,0,0,0,0,0,0,0.121644635,0,0.090827994,0,0,0,0,0,0,0,0,0,0,0,0,0.009731571,0,0,0,0,0,0,0,0,0,0,0,0,0.027572784,0,0,0,0.04217014,0,0,0,0,0,0,0,0,0,0,0,0,0,0,0,0,0,0,0,0,0,0,0,0.022706999,0,0,0,0,0,0,0,0,0,0,0,0,0,0,0,0,0,0,0,0,0,0,0,0,0,0,0,0,0,0,0,0,0,0,0,0,0,0,0,0,0,0,0,0,0,0,0,0,0,0,0,0,0,0,0,0,0,0,0,0,0,0,0.040548212,0,0,0,0,0,0,0,0,0,0,0,0,0,0,0,0,0,0,0,0,0,0,0,0,0,0,0,0,0,0,0.047035926,0,0,0,0,0,0,0,0,0,0,0,0,0,0,0,0,0,0,0,0,0,0,0,0,0,0,0,0,0,0,0,0,0,0.034060498,0,0,0,0,0,0,0,0,0,0,0.019463142,0,0,0,0,0,0,0,0,0,0,0,0,0,0,0,0,0,0,0,0,0,0,0,0,0,0.022706999,0.011353499,0,0,0,0,0,0,0,0,0,0,0,0,0,0,0,0,0,0.011353499,0,0,0.016219285,0,0,0,0,0,0,0,0,0,0,0,0,0,0,0,0,0,0,0,0,0,0,0,0,0,0,0,0,0,0,0,0,0,0,0,0,0,0,0,0,0,0,0,0,0,0,0,0,0,0,0,0,0,0,0,0,0,0,0,0,0,0,0,0,0,0,0,0,0,0,0,0,0,0,0,0,0,0,0,0,0,0,0,0,0.022706999,0,0,0,0,0,0,0,0,0,0,0,0,0,0,0,0,0,0,0,0,0,0,0,0,0,0,0,0,0,0,0,0,0,0,0,0,0,0,0,0,0,0,0,0,0,0,0,0,0,0,0,0,0,0,0,0,0,0,0,0,0,0,0,0,0,0,0,0,0,0,0,0,0,0,0,0,0,0,0,0,0,0,0,0,0,0,0,0,0,0,0,0,0,0,0,0,0,0,0,0,0,0,0,0,0,0,0,0,0,0,0,0,0,0,0,0,0,0,0,0.017841213,0,0,0,0,0,0,0,0,0,0,0,0,0,0,0,0,0,0,0,0,0,0,0,0,0,0,0,0,0,0,0,0,0,0,0,0,0,0,0,0,0,0,0,0,0,0,0,0,0,0,0,0,0,0,0,0,0,0,0,0,0,0,0,0,0,0,0,0,0,0,0,0,0,0,0,0,0.001621928,0,0,0,0,0,0,0,0,0,0,0,0,0,0,0,0,0,0,0,0,0,0,0,0,0,0,0,0,0,0,0,0,0,0,0,0,0,0,0,0,0,0,0,0,0,0,0,0,0,0,0,0,0,0,0,0,0,0,0,0,0,0,0,0,0,0,0,0,0,0,0,0,0,0,0,0,0,0,0,0,0,0,0,0,0,0,0,0,0,0,0,0,0,0,0,0,0,0,0,0,0,0,0,0,0,0,0,0,0,0,0,0,0,0,0,0,0,0,0,0,0,0,0,0,0,0,0,0,0,0,0,0,0,0,0,0,0,0,0,0,0,0,0,0,0,0,0,0
D3-MaCont2,MaCont,3 d,119.31,66.0985197,4.549636196,10.10621393,6.702350088,0.04683449,1.282930501,1.314711048,2.000501798,0.100359622,0.980178975,0.038471188,0.516852053,0.257589696,0.373003262,0,0.615539015,1.542192858,0.367985281,0.060215773,0.076942377,0.170611357,0.633938279,0.354603998,0,0,0,0,0,0,0,0,0,0,0,0,0,0.030107887,0,0,0,0,0,0.347913356,0,0,0,0,0,0,0.058543113,0.344568035,0,0,0,0,0,0,0,0,0.078615037,0,0,0,0,0.04516183,0,0,0,0,0,0,0.013381283,0,0,0,0,0.204064565,0.021744585,0,0.031780547,0.095341641,0,0.040143849,0,0,0,0,0,0,0,0,0,0.010035962,0,0,0,0,0,0,0,0,0,0,0,0,0,0,0,0,0,0,0.076942377,0,0.097014301,0,0,0,0,0,0,0,0,0,0,0,0,0.015053943,0,0,0,0,0,0,0,0,0,0,0,0,0,0,0,0,0.050179811,0,0,0,0,0,0,0,0,0,0,0,0,0,0,0,0,0,0,0,0,0,0,0,0.026762566,0,0,0,0,0,0,0,0,0,0,0,0,0,0,0,0,0,0,0,0,0,0,0,0,0,0,0,0,0,0,0,0,0,0,0,0,0,0,0,0,0,0,0,0,0,0,0,0,0,0,0,0,0,0,0,0,0,0,0,0,0,0,0.025089905,0,0,0,0,0,0,0,0,0,0,0,0,0,0,0,0,0,0,0,0,0,0,0,0,0,0,0,0,0,0,0.010035962,0,0,0,0,0,0,0,0,0,0,0,0,0,0,0,0,0,0,0,0,0,0,0,0,0,0,0,0,0,0,0,0,0,0.025089905,0,0,0,0,0,0,0,0,0,0,0.030107887,0,0,0,0,0,0,0,0,0,0,0,0,0,0,0,0,0,0,0,0,0,0,0,0,0,0.031780547,0,0,0,0,0,0,0,0,0,0,0,0,0,0,0,0,0,0,0,0,0,0,0,0,0,0,0,0,0,0,0,0,0,0,0,0.071924396,0,0,0,0,0,0,0,0,0,0,0,0,0,0,0,0,0,0,0,0,0,0,0,0,0,0,0,0,0,0,0,0,0,0,0,0,0,0,0,0,0,0,0,0,0,0,0,0,0,0,0,0,0,0,0,0,0,0,0,0,0,0,0,0,0,0,0,0,0,0,0,0,0,0,0,0,0,0,0,0,0,0,0,0,0,0,0,0,0,0,0,0,0,0,0,0,0,0,0,0,0,0,0,0,0,0,0,0,0,0,0,0,0,0,0,0,0,0,0,0,0,0,0,0,0,0,0,0,0,0,0,0,0,0,0,0,0,0,0,0,0,0,0,0,0,0,0,0,0,0,0,0,0,0,0,0,0,0,0,0,0,0,0,0,0,0,0,0,0,0,0,0,0,0,0,0,0,0,0,0,0,0,0,0,0,0,0,0,0,0,0,0.018399264,0,0,0,0,0,0,0,0,0.010035962,0,0,0,0,0,0,0,0,0,0,0,0,0,0,0,0,0,0,0,0,0,0,0,0,0,0,0,0,0,0,0,0,0,0,0,0,0,0,0,0,0,0,0,0,0,0,0,0,0,0,0,0,0,0,0,0,0,0,0,0,0,0,0,0,0,0,0,0,0,0,0,0,0,0,0,0,0,0,0,0,0,0,0,0,0,0,0,0,0,0,0,0,0,0,0,0,0,0,0,0,0,0,0,0,0,0,0,0,0,0,0,0,0,0,0,0,0,0,0,0,0,0,0,0,0,0,0,0,0,0,0,0,0,0,0,0,0,0,0,0,0,0,0,0,0,0,0,0,0,0,0,0,0,0,0,0,0,0,0,0,0,0,0,0,0,0,0,0,0,0,0,0,0,0,0,0,0,0,0,0,0,0,0,0,0,0,0,0,0,0,0,0,0,0,0,0,0,0,0,0,0,0,0,0,0,0,0,0,0,0,0,0,0,0,0
D7-MaCont1,MaCont,7 d,272.33,64.62104123,6.71947992,5.550720261,8.264800441,1.376578625,1.637684506,1.156326045,2.474289064,0.060391836,0.731806959,0.040853301,0.596813443,0.22202881,0.493792074,0,0.312616565,1.055080907,1.040871063,0.163413204,0.055063145,0.250448498,1.012451376,0.406756781,0,0,0,0,0,0,0,0,0,0,0,0,0,0.03552461,0,0,0,0,0,0.11190252,0.03552461,0,0,0,0,0,0.055063145,0.564841294,0,0,0,0,0,0,0,0,0.1456509,0,0,0,0,0.040853301,0,0,0,0,0,0,0,0,0,0,0,0.150979591,0,0,0,0.156308283,0,0.14742713,0,0,0,0,0,0,0,0,0,0.028419688,0,0,0,0,0,0,0,0,0,0,0,0,0,0,0,0,0,0,0.028419688,0,0.103021368,0,0,0,0,0,0,0,0,0,0,0,0,0,0,0,0,0,0,0,0,0,0,0,0,0,0,0,0,0,0.03552461,0,0,0,0,0,0,0,0,0,0,0,0,0,0,0,0,0,0,0,0,0,0,0,0,0,0,0,0,0,0,0,0,0,0,0,0,0,0,0,0,0,0,0,0,0,0,0,0,0,0,0,0,0,0,0,0,0,0,0,0,0,0,0,0,0,0,0,0,0,0,0,0,0,0,0,0,0,0,0,0,0,0,0,0,0,0,0.023090996,0,0,0,0,0,0,0,0,0,0,0,0,0,0,0,0,0,0,0,0,0,0,0,0,0,0,0,0,0,0,0.012433613,0,0,0,0,0,0,0,0,0,0,0,0,0,0,0,0,0,0,0,0,0,0,0,0,0,0,0,0,0,0,0,0,0,0.023090996,0,0,0,0,0,0,0,0,0,0,0.017762305,0,0,0,0,0,0,0,0,0,0,0,0,0,0,0,0,0,0.007104922,0,0,0,0,0,0,0,0,0.008881152,0,0,0,0,0,0,0,0,0,0,0,0,0,0,0,0,0,0,0,0,0,0,0,0,0,0,0,0,0,0,0,0,0,0,0,0,0,0,0,0,0,0,0,0,0,0,0,0,0,0,0,0,0,0,0,0,0,0,0,0,0,0,0,0,0,0,0,0,0,0,0,0,0,0,0,0,0,0,0,0,0,0,0,0,0,0,0,0,0,0,0,0,0,0,0,0,0,0,0,0,0,0,0,0,0,0,0,0,0,0,0,0,0,0,0,0,0,0,0,0,0,0,0,0,0,0,0,0,0,0,0,0,0,0,0,0,0,0,0,0,0,0,0,0,0,0,0,0,0,0,0,0,0,0,0,0,0,0,0,0,0,0,0,0,0,0,0,0,0,0,0,0,0,0,0,0,0,0.021314766,0,0,0,0,0,0,0,0,0,0,0,0,0,0,0,0,0,0,0,0,0,0,0,0,0,0,0,0,0,0,0,0,0,0,0,0,0,0,0,0,0,0,0,0,0,0,0,0,0,0,0,0,0,0,0,0,0,0,0,0,0,0,0,0,0,0,0,0,0,0,0,0,0,0,0,0,0,0,0,0,0,0,0,0,0,0,0,0,0,0,0,0,0,0,0,0,0,0,0,0,0,0,0,0,0,0,0,0,0,0,0,0,0,0,0,0,0,0,0,0,0,0,0,0,0,0.003552461,0,0,0,0,0,0,0,0,0,0,0,0,0,0,0,0,0,0,0,0,0,0,0,0,0,0,0,0,0,0,0,0,0,0,0,0,0,0,0,0,0,0,0,0,0,0,0,0,0,0,0,0,0,0,0,0,0,0,0,0,0,0,0,0,0,0,0,0,0,0,0,0,0,0,0,0,0,0,0,0,0,0,0,0,0,0,0,0,0,0,0,0,0,0,0,0,0,0,0,0,0,0,0,0,0,0,0,0,0,0,0,0,0,0,0,0,0,0,0,0,0,0,0,0,0,0,0,0,0,0,0,0,0,0,0,0,0,0,0,0,0,0,0,0,0,0,0
D7-MaCont2,MaCont,7 d,249.06,64.94972983,6.811984543,6.833732037,7.648426652,0.796292889,1.492212724,1.211168175,1.838499757,0.083644211,0.799638657,0,0.699265604,0.259297054,0.409856634,0,0.267661475,1.095739164,0.734396172,0.086989979,0.073606906,0.130484969,1.063954364,0.466734697,0,0,0,0,0,0,0,0,0,0,0,0,0,0.023420379,0,0,0,0,0,0.165615538,0.030111916,0,0,0,0,0,0.0317848,0.660789267,0,0,0,0,0,0,0,0,0.22583937,0,0,0,0,0.051859411,0,0,0,0,0,0,0.008364421,0,0,0,0,0.187363033,0,0,0,0.167288422,0,0.21412918,0,0,0,0,0,0,0,0,0,0.008364421,0,0,0,0,0,0,0,0,0,0,0,0,0,0,0,0,0,0,0.030111916,0,0.098700169,0,0,0,0,0,0,0,0,0,0,0,0,0,0,0,0,0,0,0,0,0,0,0,0,0,0,0,0,0,0.030111916,0,0,0,0,0,0,0,0,0,0,0,0,0,0,0,0,0,0,0,0,0,0,0.030111916,0.040149221,0,0,0,0,0,0,0,0,0,0,0,0,0,0,0,0,0,0,0,0,0,0,0,0,0,0,0,0,0,0,0,0,0,0,0,0,0,0,0,0,0,0,0,0,0,0,0,0,0,0,0,0,0,0,0,0,0,0,0,0,0,0,0.0317848,0,0,0,0,0.033457684,0,0,0,0,0,0,0,0,0,0,0,0,0,0,0,0,0,0,0,0,0,0,0,0,0,0.021747495,0,0,0,0,0,0,0,0,0,0,0,0,0,0,0,0,0,0,0,0,0,0,0,0,0,0,0,0,0,0,0,0,0,0.013383074,0,0,0,0,0,0,0,0,0,0,0.021747495,0.005018653,0,0,0,0,0,0,0,0,0.008364421,0,0,0,0,0,0,0,0,0,0,0,0,0,0,0,0.026766148,0,0,0,0,0,0,0,0,0,0,0,0,0,0,0,0,0,0,0,0,0,0,0,0,0,0,0,0,0,0,0,0,0,0,0,0,0,0,0,0,0,0,0,0,0,0,0,0,0,0,0,0,0,0,0,0,0,0,0.020074611,0,0,0,0,0,0,0,0,0,0,0,0,0,0,0,0,0,0,0,0,0,0,0,0,0,0,0,0,0,0,0,0,0,0,0,0,0,0,0,0,0,0,0,0,0,0,0,0.026766148,0,0,0,0,0,0,0,0,0,0,0,0,0,0,0,0,0,0,0,0,0,0,0,0,0,0,0,0,0,0,0,0,0,0,0,0,0,0,0,0,0,0,0,0,0,0,0,0,0,0,0,0,0,0,0,0,0,0,0,0,0,0,0,0,0,0,0,0,0,0,0,0,0,0,0,0,0,0,0,0,0,0,0,0,0,0,0,0,0,0,0,0,0,0,0,0,0,0,0,0,0,0,0,0,0,0,0,0,0,0,0,0,0,0,0,0,0,0,0,0.015055958,0.018401726,0,0,0,0,0,0,0,0,0,0,0,0,0,0,0,0,0,0,0,0,0,0,0,0,0,0,0,0,0,0,0,0,0,0,0,0,0,0,0,0,0,0,0,0,0,0,0,0,0,0,0,0,0,0,0,0,0,0,0,0,0,0,0,0,0,0,0,0,0,0,0,0,0,0,0,0,0,0,0,0,0,0,0,0,0,0,0,0,0,0,0,0,0,0,0,0,0,0,0,0,0,0,0,0,0,0,0,0,0,0,0,0,0,0,0,0,0,0,0,0,0,0,0,0,0,0,0,0,0,0,0,0,0,0,0,0,0,0,0,0,0,0,0,0,0,0,0,0,0,0,0,0,0,0,0,0,0,0,0,0,0,0,0,0,0,0,0,0,0,0,0,0,0,0,0,0,0,0,0,0,0,0,0,0,0,0,0,0,0,0,0,0,0,0,0,0,0,0,0,0,0,0,0,0,0,0,0,0,0,0,0,0,0,0,0,0,0,0,0,0,0,0,0,0
D1-PF1,PF,1 d,81.81,67.65405153,4.345792571,8.874771018,5.076587286,0.296215458,1.660365592,1.149783685,1.362201349,0.32349846,1.498616362,0.266983669,0.684023853,0.216315236,0.465759832,0,1.492770004,1.212144834,0.426784113,0.325447246,0.105234439,0.097439295,0.471606189,0.313754531,0,0.021436645,0,0,0,0,0,0.159800444,0,0,0,0,0,0.064309935,0,0,0,0,0,0.352730249,0,0,0,0,0.017539073,0.00974393,0.157851658,0.054566005,0,0,0,0,0,0.050668434,0,0,0.064309935,0,0,0,0,0.021436645,0,0,0,0,0,0,0.023385431,0,0,0,0,0.107183225,0.00974393,0,0,0.021436645,0,0.03312936,0,0,0,0.017539073,0,0,0,0,0,0.035078146,0,0,0,0,0,0,0,0,0,0,0,0,0,0,0,0,0,0,0.052617219,0,0.04287329,0,0.017539073,0,0,0,0,0,0,0,0,0,0,0.013641501,0,0,0,0,0,0,0,0,0,0.011692715,0,0,0,0,0,0,0.046770862,0,0,0.011692715,0,0,0,0,0,0,0,0,0,0,0,0,0,0,0,0,0,0,0,0,0.054566005,0,0,0,0,0,0,0,0,0,0,0,0,0,0,0,0,0,0,0,0,0,0,0,0.013641501,0,0,0,0,0,0,0,0,0,0,0,0,0,0,0,0,0,0,0,0,0,0,0,0,0,0,0,0,0.031180575,0,0,0,0,0,0,0,0,0,0,0,0,0,0,0.019487859,0,0,0,0,0.03312936,0,0,0,0,0,0,0,0,0,0,0,0,0,0,0,0,0,0,0,0,0.007795144,0,0,0,0,0,0,0,0,0,0,0,0,0,0,0,0,0,0.005846358,0,0,0,0,0,0,0,0,0,0,0,0,0,0,0,0,0,0,0,0,0,0,0,0,0,0,0.019487859,0.013641501,0,0,0,0,0,0,0,0,0,0,0,0,0,0,0,0,0,0,0,0,0,0,0,0,0,0.023385431,0,0,0,0,0,0,0,0,0,0,0,0,0,0,0,0,0,0,0,0,0,0,0,0,0,0,0,0,0,0,0,0,0,0,0,0,0,0,0,0,0,0,0,0,0,0,0,0,0,0,0,0,0,0.023385431,0,0,0,0,0,0,0,0,0,0,0,0,0,0,0,0,0,0,0,0,0,0,0,0,0,0,0,0,0,0.015590287,0,0,0,0,0,0,0,0,0,0,0,0,0,0,0,0,0,0,0,0,0,0,0,0,0,0,0,0,0,0,0,0,0,0,0,0,0,0,0,0,0,0,0,0,0,0,0,0,0,0,0,0,0,0,0,0,0,0,0,0,0,0,0,0,0,0,0,0,0,0,0,0,0,0,0,0,0,0,0,0,0,0,0,0,0,0,0,0,0,0,0,0,0,0,0,0,0,0,0,0,0,0,0,0,0,0,0,0,0,0,0,0,0,0,0,0,0,0,0,0,0,0,0,0,0,0,0,0,0,0,0,0,0,0,0,0,0,0,0,0,0,0,0,0,0,0,0,0,0,0,0,0,0,0,0,0,0,0,0,0,0,0,0,0,0,0,0,0,0,0,0,0,0,0,0,0,0,0,0,0,0,0,0,0,0,0,0,0,0,0,0,0,0,0,0,0,0,0,0,0,0,0,0,0,0,0,0,0,0,0,0,0,0,0,0,0,0,0,0,0,0,0,0,0,0,0,0,0,0,0,0,0,0,0,0,0,0,0,0,0,0,0,0,0,0,0,0,0,0,0,0,0,0,0,0,0,0,0,0,0,0,0,0,0,0,0,0,0,0,0,0,0,0,0,0,0,0,0,0,0,0,0,0,0,0,0,0,0,0,0,0,0,0,0,0,0,0,0,0,0,0,0,0,0,0,0,0,0,0,0,0,0,0,0,0,0,0,0,0,0,0,0,0,0,0,0,0,0,0,0,0,0,0,0,0,0,0,0,0,0,0,0,0,0,0,0,0,0,0,0,0,0,0,0,0,0,0,0,0,0,0,0,0,0,0,0,0
D1-PF2,PF,1 d,88.98,69.11543545,3.823542815,9.119081256,4.771453311,0.236977624,1.371735861,0.847650731,1.588205806,0.214191314,1.335277765,0.191405004,0.626623525,0.241534886,0.510413344,0,1.371735861,1.011712163,0.510413344,0.255206672,0.148111015,0.132160598,0.394203163,0.350909174,0,0,0,0,0,0,0,0.02278631,0,0,0,0,0,0.061523037,0,0,0,0.011393155,0,0.346351912,0.070637561,0,0,0,0.018229048,0,0.054687144,0.15950417,0,0,0,0,0,0,0,0,0.077473454,0,0,0,0,0.031900834,0,0,0,0,0,0,0,0,0,0,0,0.079752085,0.020507679,0,0,0.038736727,0,0.015950417,0,0,0,0,0,0,0,0,0,0,0,0,0,0,0,0,0,0,0,0,0,0,0,0,0,0,0,0,0.038736727,0,0.059244406,0,0,0,0,0,0,0.052408513,0,0,0,0,0,0,0.218748576,0,0,0,0,0,0.050129882,0,0,0,0,0,0,0,0.011393155,0,0,0,0,0,0,0,0,0.025064941,0,0,0,0,0,0.020507679,0,0,0,0,0,0,0,0,0,0,0,0,0,0,0,0,0,0,0,0,0,0,0,0,0,0,0,0,0,0,0,0,0,0,0,0,0.011393155,0,0,0,0,0,0,0,0,0,0,0,0,0,0,0,0,0,0,0,0,0,0,0,0,0,0,0,0,0,0,0,0,0,0,0,0,0.02278631,0,0,0,0,0,0,0,0,0,0,0,0,0,0,0,0,0,0,0,0,0,0,0,0,0,0,0,0,0,0,0,0,0,0,0,0,0.029622203,0,0,0,0,0,0,0,0,0,0,0,0,0,0,0,0,0,0,0,0,0,0,0,0,0,0,0,0.031900834,0,0,0,0,0,0,0,0,0,0,0,0,0,0,0,0,0,0,0,0,0,0,0,0,0,0,0,0,0,0,0,0,0,0,0,0,0,0.027343572,0,0,0,0,0,0,0,0.031900834,0,0,0,0.013671786,0,0,0,0,0,0,0,0,0,0,0,0,0,0,0,0,0,0,0,0,0,0,0,0,0,0,0,0,0.011393155,0,0,0,0,0,0,0,0,0,0,0,0,0,0,0,0,0.02278631,0,0,0,0,0,0,0,0,0,0,0.015950417,0,0,0,0,0,0,0,0,0,0,0,0,0,0,0,0,0,0,0,0,0,0,0,0,0,0,0,0,0,0.059244406,0,0.050129882,0,0,0,0,0,0,0,0,0,0,0,0,0,0,0,0,0,0,0,0,0,0,0,0,0,0,0,0,0,0,0,0,0,0,0,0,0,0,0,0,0,0,0,0,0,0,0,0,0,0,0,0,0,0,0,0,0,0,0,0,0,0,0,0,0,0,0,0,0,0,0,0,0,0,0,0,0,0,0,0,0,0,0,0,0,0,0,0,0,0,0,0,0,0,0,0,0,0,0.018229048,0,0,0,0,0,0,0,0,0,0,0,0,0,0,0,0,0,0,0,0,0,0,0,0,0,0,0,0,0,0,0,0,0,0,0,0,0,0,0,0,0,0,0,0,0,0,0,0,0,0,0,0,0,0,0,0,0,0,0,0,0,0,0,0,0,0,0,0,0,0,0,0,0,0,0,0,0,0,0,0,0,0,0,0,0,0,0,0,0,0,0,0,0,0,0,0,0,0,0,0,0,0,0,0,0,0,0,0,0,0,0,0,0,0,0,0,0,0,0,0,0,0,0,0,0,0,0,0,0,0,0,0,0,0,0,0,0,0,0,0,0,0,0,0,0,0,0,0,0,0,0,0,0,0,0,0,0,0,0,0,0,0,0,0,0,0,0,0,0,0,0,0,0,0,0,0,0,0,0,0,0,0,0,0,0,0,0,0,0,0,0,0,0,0,0,0,0,0,0,0,0,0,0,0,0,0,0,0,0,0,0,0,0,0,0,0,0,0,0,0,0,0,0,0,0,0,0,0,0,0,0,0,0,0,0,0,0,0,0,0,0,0,0,0,0,0,0,0,0,0,0
D3-PF1,PF,3 d,101.17,77.05951654,3.955406231,1.291561218,1.341740117,2.919102889,0.719958112,1.051575181,1.411554237,0.464700236,1.108299154,0.521424208,0.70032289,0.078540885,0.31416354,0,0.06981412,0.451610088,1.064665329,0.377432586,0,0.091631032,0.259621258,0.556331268,0.054542281,0,0,0,0.056723972,0,0,0.73522995,0,0,0,0,0.095994415,0.109084562,0,0,0,0.01745353,0,0.231259272,0.115629636,0,0.115629636,0,0.523605899,0,0.061087355,0.032725369,0,0,0,0,0,0.078540885,0,0,0.082904267,0,0,0,0,0.089449341,0,0,0,0,0,0,0.015271839,0,0.028361986,0,0,0.037088751,0.026180295,0,0.03490706,0.03490706,0,0.065450737,0,0,0,0,0,0.021816912,0,0,0,0.028361986,0,0,0,0,0,0,0,0,0.076359194,0,0.019635221,0,0,0,0,0,0,0,0,0,0,0,0.010908456,0.045815516,0,0,0,0,0,0.026180295,0,0,0,0.026180295,0,0,0,0,0,0,0.032725369,0,0.030543677,0,0,0,0,0,0,0,0.028361986,0,0,0.071995811,0,0,0,0,0,0,0,0,0,0,0,0,0,0,0,0,0,0,0,0,0,0,0,0,0,0,0,0,0,0,0,0,0,0,0,0,0,0,0,0.019635221,0.058905664,0,0,0,0,0,0,0.137446549,0,0,0,0,0,0.043633825,0.045815516,0,0,0,0,0,0,0,0,0,0,0,0,0,0,0,0,0,0,0,0,0,0.061087355,0,0,0,0,0,0,0,0,0,0,0,0,0,0.015271839,0,0,0.351252291,0,0,0,0,0,0,0,0,0,0,0,0,0,0,0,0,0,0,0,0,0,0.021816912,0,0,0,0,0,0.010908456,0,0,0,0,0.032725369,0,0,0,0,0,0,0,0,0,0,0,0,0,0.106902871,0,0,0,0,0.019635221,0,0,0,0,0,0,0,0,0,0,0,0,0,0,0,0,0.026180295,0,0,0,0,0,0,0,0,0,0,0,0.021816912,0,0,0.063269046,0,0,0,0,0,0,0,0,0.023998604,0,0,0,0,0.026180295,0,0,0,0,0,0,0,0,0,0,0,0,0,0,0,0,0,0,0,0,0,0,0,0,0,0,0,0,0,0,0,0,0,0,0,0,0,0.015271839,0,0,0,0,0,0,0,0,0,0,0,0,0,0,0.015271839,0,0,0,0,0,0,0,0,0,0,0,0,0,0,0,0,0,0,0,0,0,0,0,0,0,0,0,0,0,0,0,0,0,0,0,0,0,0,0,0,0,0,0,0,0,0,0,0,0,0,0,0,0,0,0,0,0,0,0,0,0,0,0,0,0,0,0,0,0,0,0,0,0,0,0,0,0,0,0,0,0,0,0.013090147,0,0,0,0,0,0,0,0,0,0,0,0,0,0,0,0,0,0,0,0,0,0,0,0,0,0,0,0,0,0,0,0,0,0,0,0,0,0,0,0,0,0,0,0,0,0,0,0,0,0,0,0,0,0,0,0,0,0,0,0,0,0,0,0,0,0,0,0,0,0,0,0,0,0,0,0,0,0,0,0,0,0,0,0,0,0,0,0,0,0,0,0,0,0,0,0,0,0,0,0,0,0,0,0,0,0,0,0,0,0,0,0,0,0,0,0,0,0,0,0,0,0,0,0,0,0,0,0,0,0,0,0,0,0,0,0,0,0,0,0,0,0,0,0,0,0,0,0,0,0,0,0,0,0,0,0,0,0,0,0,0,0,0,0,0,0,0,0,0,0,0,0,0,0,0,0,0,0,0,0,0,0,0,0,0,0,0,0,0,0,0,0,0,0,0,0,0,0,0,0,0,0,0,0,0,0,0,0,0,0,0,0,0,0,0,0,0,0,0,0,0,0,0,0,0,0,0,0,0,0,0,0,0,0,0,0,0,0,0,0,0,0,0,0,0,0,0,0,0,0,0,0,0,0,0,0,0,0,0,0,0,0,0,0,0,0,0,0,0,0,0,0,0,0,0,0,0,0,0,0,0,0,0,0,0,0,0,0,0,0,0,0,0,0,0,0,0,0,0,0,0,0,0,0,0,0,0,0,0,0
D3-PF2,PF,3 d,109.07,80.02769493,1.406050277,3.442337736,2.281281068,2.105524783,1.10247124,1.19123704,1.473512285,0.291151825,1.059863656,0.282275245,0.566325806,0.234341713,0.310680301,0,0.319556881,0.802442835,0.397670785,0.259196137,0.019528476,0.113620224,0.337310041,0.566325806,0,0,0,0,0,0,0,0.033731004,0,0,0,0,0,0.108294276,0,0,0,0,0,0.069237324,0,0,0.031955688,0,0.055034796,0,0.037281636,0.055034796,0,0,0,0,0,0,0,0,0,0,0,0,0.021303792,0.019528476,0,0,0,0,0.014202528,0,0,0,0,0.040832268,0,0.049708848,0,0,0,0.028405056,0,0.010651896,0,0,0,0,0,0,0,0,0,0,0,0,0,0,0,0,0,0,0,0,0,0,0,0,0,0,0,0,0.05325948,0,0,0,0,0,0,0,0,0.012427212,0,0,0,0,0,0.023079108,0,0,0,0,0,0,0.030180372,0,0,0,0,0,0,0,0.014202528,0,0.030180372,0,0,0.03550632,0,0.051484164,0,0.063911376,0,0.030180372,0,0,0,0,0,0,0,0,0,0,0,0,0,0,0,0,0,0,0,0,0,0,0,0,0,0,0,0,0,0,0,0,0,0,0,0,0,0,0,0,0,0,0,0,0,0,0,0,0,0,0,0,0,0,0.019528476,0,0,0,0,0,0.021303792,0,0,0,0,0,0,0,0,0,0,0,0,0,0,0,0,0.03550632,0,0,0,0,0.042607584,0,0,0,0,0,0,0,0,0,0,0,0,0,0,0,0,0,0,0,0,0,0,0,0,0,0.023079108,0,0,0,0,0,0,0,0,0,0,0,0,0,0,0,0,0,0,0,0,0,0,0,0,0,0,0,0,0,0,0,0,0,0,0,0,0,0,0,0,0,0,0,0,0,0.012427212,0,0,0,0,0,0,0,0,0,0,0,0,0,0,0,0,0.031955688,0,0,0,0,0,0,0,0,0.019528476,0,0,0,0,0,0,0,0,0,0,0,0,0,0,0,0,0.019528476,0,0,0,0,0,0,0,0,0,0,0,0,0,0,0,0,0,0,0,0,0,0,0,0,0,0,0.024854424,0,0,0,0,0,0,0,0,0,0,0,0,0,0.019528476,0,0,0,0,0.037281636,0,0,0,0,0,0.033731004,0,0,0,0,0,0,0,0,0,0,0,0,0,0,0,0,0,0,0,0,0,0.078113904,0,0,0,0,0,0,0.019528476,0.051484164,0,0,0,0,0,0,0,0,0,0,0,0,0,0,0,0,0,0,0,0,0,0,0,0,0,0,0,0,0,0,0,0,0,0,0,0,0,0,0,0,0,0,0,0,0,0,0,0,0,0,0,0,0,0,0,0,0,0,0,0,0,0,0,0,0,0,0,0,0,0,0,0,0,0,0,0,0,0,0,0,0,0,0,0,0,0,0,0,0,0,0,0,0,0,0,0,0,0,0,0,0,0,0,0,0,0,0,0,0,0,0,0,0,0,0,0,0,0,0,0,0,0,0,0,0,0,0,0,0,0,0,0,0,0,0,0,0,0,0,0,0,0,0,0,0,0,0,0,0,0,0,0,0,0,0,0,0,0,0,0,0,0,0,0,0,0,0,0,0,0,0,0,0,0,0,0,0,0,0,0,0,0,0,0,0,0,0,0,0,0,0,0,0,0,0,0,0,0,0,0,0,0,0,0,0,0,0,0,0,0,0,0,0,0,0,0,0,0,0,0,0,0,0,0,0,0,0,0,0,0,0,0,0,0,0,0,0,0,0,0,0,0,0,0,0,0,0,0,0,0,0,0,0,0,0,0,0,0,0,0,0,0,0,0,0,0,0,0,0,0,0,0,0,0,0,0,0,0,0,0,0,0,0,0,0,0,0,0,0,0,0,0,0,0,0,0,0,0,0,0,0,0,0,0,0,0,0,0,0,0,0,0,0,0,0,0,0,0,0,0,0,0,0,0,0,0,0,0,0,0,0,0,0,0,0,0,0,0,0,0,0,0,0,0,0,0,0,0,0,0,0,0
D7-PF1,PF,7 d,141.18,76.65617373,2.95688466,0.219290489,0.035369434,11.9424893,0.30417713,0.781664486,0.772822127,0.323630319,0.107876773,0.422664733,0.601280374,0.162699395,0.762211297,0,0.014147773,0.139709263,0.606585789,0.130866905,0.04244332,0.04244332,0.120256075,0.152088565,0,0,0,0,0,0,0,0.182152584,0,0.035369434,0,0,0,0.038906377,0,0,0,0,0,0.54468928,0,0,0.111413716,0.076044283,0.498709016,0,0,0,0,0,0,0,0,0,0,0,0.033600962,0,0,0,0.01061083,0,0,0,0,0,0,0,0,0,0,0.037137905,0,0,0.022990132,0,0,0.012379302,0,0.017684717,0,0,0,0,0.01061083,0,0,0,0,0.030064019,0,0,0,0,0,0,0,0,0,0,0,0,0,0,0,0,0,0,0,0,0,0,0,0,0,0,0,0,0,0,0,0,0,0,0.022990132,0,0,0.012379302,0,0,0,0,0,0.022990132,0,0,0,0,0,0,0.035369434,0,0,0.051285679,0,0,0,0,0,0,0,0,0,0,0,0,0,0,0,0,0,0,0,0,0,0,0,0,0,0,0,0,0,0,0,0,0,0,0,0,0,0,0,0,0,0,0,0,0.024758604,0,0,0.15739398,0,0,0,0,0,0.017684717,0.224595904,0,0,0,0,0,0,0,0,0,0,0.030064019,0.033600962,0,0,0,0,0,0,0,0,0,0.044211792,0,0,0,0,0,0,0.022990132,0,0,0,0,0,0,0.045980264,0,0,0.160930923,0,0,0,0,0,0,0,0,0,0,0,0,0,0,0,0,0,0,0,0,0,0,0,0,0,0,0,0.017684717,0,0,0,0,0,0,0,0,0,0,0,0,0,0,0,0,0,0,0,0,0,0,0,0,0,0,0,0,0,0,0,0,0,0,0,0,0.012379302,0,0.01061083,0,0,0,0,0,0,0,0,0,0,0,0,0,0,0,0,0,0,0,0,0,0,0,0,0,0,0,0,0,0,0,0,0,0,0,0,0,0,0,0.005305415,0,0,0,0,0,0,0,0,0,0,0.030064019,0,0,0,0,0,0,0,0,0,0,0,0,0,0,0,0,0,0,0,0,0,0,0,0,0,0,0,0,0,0,0,0,0,0,0,0,0,0,0,0,0,0,0,0,0,0,0,0,0,0,0,0,0,0,0,0,0,0,0.005305415,0,0,0,0,0,0,0,0,0,0,0,0,0,0,0,0,0,0,0,0,0,0,0,0,0,0,0,0,0,0,0,0,0,0,0,0,0,0,0,0,0,0.012379302,0,0,0,0,0,0,0,0,0,0,0,0,0,0,0,0,0,0,0,0,0,0,0,0,0,0,0,0,0,0,0,0,0,0,0,0,0,0,0,0,0,0,0.030064019,0,0,0,0,0,0,0,0,0,0,0,0,0,0,0,0,0,0.007073887,0,0,0,0,0,0,0,0,0,0,0,0,0,0,0,0,0,0,0,0,0,0,0,0,0,0,0,0,0,0,0,0,0,0,0,0,0,0,0,0,0,0,0,0,0,0,0,0,0,0,0,0,0,0,0,0,0,0,0,0,0,0,0,0,0,0,0,0,0.001768472,0,0,0,0,0,0,0,0,0,0,0,0,0,0,0,0,0,0,0,0,0,0,0,0,0,0,0,0,0,0,0,0,0,0,0,0,0,0,0,0,0,0,0,0,0,0,0,0,0,0,0,0,0,0,0,0,0,0,0,0,0,0,0,0,0,0,0,0,0,0,0,0,0,0,0,0,0,0,0,0,0,0,0,0,0,0,0,0,0,0,0,0,0,0,0,0,0,0,0,0,0,0,0,0,0,0,0,0,0,0,0,0,0,0,0,0,0,0,0,0,0,0,0,0,0,0,0,0,0,0,0,0,0,0,0,0,0,0,0,0,0,0,0,0,0,0,0,0,0,0,0,0,0,0,0,0,0,0,0,0,0,0,0,0,0,0,0,0,0,0,0,0,0,0,0,0,0,0,0,0,0,0,0,0,0,0,0,0,0,0,0,0,0,0,0
D7-PF2,PF,7 d,166.12,79.61472408,0.916633905,0.217260858,0.132425666,9.400153117,0.428314263,0.54418672,0.84628277,0.12001076,0.527633512,0.386931242,0.411761054,0.579362288,0.155186327,0,0.184154441,0.151048025,0.091042645,0.159324629,0,0.103457551,0.134494817,0.12001076,0,0,0,0,0.103457551,0,0,0.219330009,0,0.018622359,0,0,0,0.031037265,0,0,0,0,0,0.649713423,0.026898963,0,0.407622752,0,2.096049991,0,0,0.049659625,0,0,0,0,0,0,0,0,0.105526702,0,0,0,0,0,0,0,0,0,0,0,0,0,0,0,0.016553208,0.02069151,0,0,0,0.037244718,0,0.018622359,0,0,0,0,0,0,0,0,0,0.033106416,0,0,0,0,0,0,0,0,0,0,0.010345755,0,0,0,0,0,0.055867078,0,0,0,0.016553208,0,0,0,0,0,0,0,0,0,0,0,0,0,0,0,0,0,0,0,0,0,0,0,0,0,0,0,0.018622359,0,0.02069151,0,0,0.103457551,0,0,0,0.016553208,0,0,0,0,0,0,0,0,0,0,0,0,0,0,0,0,0.016553208,0,0,0,0,0,0,0,0,0,0,0,0,0,0,0,0,0,0,0,0,0,0,0,0,0,0.053797927,0,0,0,0,0,0,0,0.169670384,0,0,0,0,0,0,0,0,0,0,0.031037265,0.02069151,0,0,0,0,0,0,0,0,0,0,0,0,0,0,0.016553208,0,0,0,0,0,0,0,0,0,0,0,0,0,0,0,0,0,0,0,0,0,0,0,0,0,0,0,0,0,0,0,0,0,0,0,0,0,0,0,0,0,0,0,0,0,0,0,0.157255478,0,0,0,0,0,0,0,0,0,0,0,0,0,0,0,0,0,0,0,0,0,0,0,0,0,0,0,0,0,0,0,0,0,0,0,0,0,0,0.006207453,0,0,0,0,0,0,0,0,0,0,0,0,0,0,0,0,0,0,0,0,0,0,0,0,0,0,0,0,0,0,0,0,0,0,0,0,0,0,0,0,0,0,0,0,0,0,0,0,0,0,0,0,0,0,0,0,0,0,0,0,0,0,0,0,0,0,0,0,0,0,0,0,0,0,0,0,0,0,0,0,0.107595853,0,0,0,0,0,0,0,0,0,0,0,0,0,0,0,0,0,0,0,0,0,0,0,0,0,0,0,0,0,0,0,0,0,0,0.024829812,0,0,0,0,0,0,0,0.014484057,0,0,0,0,0,0,0,0,0,0,0,0,0,0,0,0,0,0.016553208,0,0,0,0,0,0,0,0,0,0,0,0,0,0,0,0,0.012414906,0,0,0,0,0,0,0,0,0,0,0.008276604,0,0,0,0,0,0,0,0,0,0,0,0,0,0,0,0,0.043452172,0,0,0,0,0,0,0,0,0,0,0,0,0,0,0,0,0,0,0,0,0,0,0,0,0,0,0,0,0,0,0,0,0,0,0,0,0,0,0,0,0,0,0,0,0,0,0,0,0,0,0,0,0,0,0,0,0,0,0,0,0,0,0,0,0,0,0,0,0,0,0,0,0,0,0,0,0,0,0,0,0,0,0,0,0,0,0,0,0,0,0,0,0,0,0,0,0,0,0,0,0,0,0,0,0,0,0,0,0,0,0,0,0,0,0,0,0,0,0,0,0,0,0,0,0,0,0,0,0,0,0,0,0,0,0,0,0,0,0,0,0,0,0,0,0,0,0,0,0,0,0,0,0,0,0,0,0,0,0,0,0,0,0,0,0,0,0,0,0,0,0,0,0,0,0,0,0,0,0,0,0,0,0,0,0,0,0,0,0,0,0,0,0,0,0,0,0,0,0,0,0,0,0,0,0,0,0,0,0,0,0,0,0,0,0,0,0,0,0,0,0,0,0,0,0,0,0,0,0,0,0,0,0,0,0,0,0,0,0,0,0,0,0,0,0,0,0,0,0,0,0,0,0,0,0,0,0,0,0,0,0,0,0,0,0,0,0,0,0,0,0,0,0,0,0,0,0,0,0,0,0,0
D1-PM2,PM,1 d,16.59,52.19432906,6.322918548,8.177713563,3.500090302,2.290048763,2.981759075,5.983384504,1.661549576,2.580819939,1.199205346,0.51291313,1.347299982,0.368430558,0.619469027,0,1.824092469,1.146830414,0.359400397,0.935524652,1.089037385,0.088495575,0.76575763,0.648365541,0,0.059599061,0,0,0,0,0.102943832,0.093913672,0,0.097525736,0,0,0,0.276322919,0,0.023478418,0,0,0,0.028896514,0.164348925,0,0,0.1011378,0,0,0.209499729,0.070435254,0,0,0,0,0.065017157,0.018060321,0,0,0,0,0,0,0,0.079465414,0,0,0,0,0,0.059599061,0.039732707,0,0,0,0,0.043344772,0,0,0,0,0,0.045150804,0,0,0,0.043344772,0,0,0.283547047,0,0,0.083077479,0,0,0,0,0,0,0,0,0,0,0,0,0,0,0,0,0,0,0.070435254,0,0.045150804,0,0,0,0.009030161,0,0,0,0,0,0.019866354,0,0,0.036120643,0,0,0,0.061405093,0,0,0.032508579,0,0,0,0,0,0,0,0,0,0,0,0,0,0,0,0,0.045150804,0,0,0,0,0,0.12642225,0,0,0,0,0,0,0,0,0,0.02528445,0.09210764,0.037926675,0,0,0,0,0,0,0,0,0.036120643,0,0,0,0,0,0,0,0,0,0.046956836,0,0,0,0,0,0,0,0,0,0,0,0,0,0,0,0,0,0,0,0,0,0,0,0,0,0,0,0,0,0,0,0,0,0,0,0.030702547,0,0,0,0,0,0,0,0,0,0,0.010836193,0,0,0.016254289,0,0,0,0,0,0.016254289,0,0,0,0,0,0,0,0,0,0,0,0,0.016254289,0,0,0,0,0.072241286,0,0,0,0,0,0,0,0,0,0,0,0,0,0,0,0,0,0,0,0,0,0,0,0,0,0.108361929,0,0.0505689,0,0,0,0,0,0,0.099331768,0,0,0,0,0,0,0,0,0,0,0.041538739,0,0,0,0,0,0,0,0.023478418,0,0,0,0,0,0,0,0,0,0,0,0,0,0,0,0,0,0,0,0,0,0,0,0,0,0.018060321,0,0,0,0,0,0,0,0,0,0,0.066823189,0,0,0,0,0,0,0,0,0,0,0,0,0,0,0,0,0,0,0,0,0,0,0,0.034314611,0,0,0,0,0,0,0,0,0,0,0,0,0,0,0,0,0,0,0,0,0,0,0,0,0,0,0,0,0,0,0,0,0,0,0,0,0,0,0,0,0,0,0,0,0,0,0,0,0.037926675,0,0,0,0,0,0,0,0.037926675,0,0,0,0,0,0,0,0,0,0,0,0,0,0,0,0,0,0,0,0,0,0,0,0,0,0,0,0,0,0,0,0,0,0,0,0,0,0,0,0,0,0,0,0,0,0,0,0,0,0.046956836,0,0,0,0,0,0,0,0,0,0,0,0,0,0,0,0,0,0,0,0,0,0,0,0,0,0,0,0,0,0,0,0,0,0,0,0,0,0,0,0,0,0,0,0,0,0,0,0,0,0,0,0,0,0,0,0,0,0,0,0,0,0,0,0,0,0,0,0,0,0,0,0,0,0,0,0,0,0,0,0,0,0,0,0,0,0,0,0,0,0,0,0,0,0,0,0,0,0,0,0,0,0,0,0,0,0.001806032,0,0,0,0,0,0,0,0,0,0,0,0,0,0,0,0,0,0,0,0,0,0,0,0,0,0,0,0,0,0,0,0,0,0,0,0,0,0,0,0,0,0,0,0,0,0,0,0,0,0,0,0,0,0,0,0,0,0,0,0,0,0,0,0,0,0,0,0,0,0,0,0,0,0,0,0,0,0,0,0,0,0,0,0,0,0,0,0,0,0,0,0,0,0,0,0,0,0,0,0,0,0,0,0,0,0,0,0,0,0,0,0,0,0,0,0,0,0,0,0,0,0,0,0,0,0,0,0,0,0,0,0,0,0,0,0,0,0,0,0,0,0,0,0,0,0,0,0,0,0,0,0,0,0,0,0,0,0,0,0,0,0,0,0,0,0,0,0,0,0,0,0,0,0,0,0,0,0,0,0,0,0,0,0,0,0,0,0,0,0,0,0,0,0,0
D1-PM3,PM,1 d,8.68,42.80212483,4.404603807,9.298362107,4.444444444,1.85480301,4.068171757,4.147853032,3.62107127,2.846392209,2.461266047,1.626826029,1.62461266,0.513501549,1.356795042,0,1.90792386,1.564851704,0.978308986,1.416555998,0.982735724,0.1770695,0.462594068,0.925188136,0,0.0354139,0.562195662,0,0.061974325,0,0,0.128375387,0.121735281,0.154935812,0,0,0,0.205843293,0,0,0,0,0,0.022133687,0,0,0,0.1416556,0,0,0.2478973,0.08853475,0,0,0,0,0.081894644,0,0,0.05312085,0.081894644,0,0,0.405046481,0,0.181496237,0,0.15936255,0,0,0,0,0.148295706,0,0.044267375,0,0,0,0.1416556,0.139442231,0,0,0,0,0,0,0,0.272244356,0,0,0.380699425,0,0,0.329791943,0,0,0,0,0,0.079681275,0,0,0,0,0,0,0,0,0,0,0,0.115095175,0.077467906,0,0,0,0,0.119521912,0,0.048694112,0,0,0,0.042054006,0,0,0,0.068614431,0,0,0,0.152722444,0,0,0.066401062,0,0,0,0,0,0,0,0,0,0,0,0,0,0,0,0,0,0,0,0,0,0,0.117308544,0,0,0,0.081894644,0,0,0.059760956,0,0,0,0.157149181,0,0,0,0,0.039840637,0,0,0,0,0,0,0,0,0,0,0,0.022133687,0,0,0,0,0,0,0,0,0,0,0,0,0,0,0,0,0.095174856,0,0,0,0,0,0,0,0,0,0,0,0,0,0,0,0,0,0,0,0,0,0,0,0,0,0,0,0,0,0,0,0,0,0.050907481,0,0,0,0,0,0,0,0.0354139,0,0,0,0,0,0,0,0,0,0,0,0,0,0.073041169,0,0,0,0.073041169,0,0,0,0,0,0,0,0,0,0,0,0,0,0,0,0,0,0,0,0,0,0,0,0,0,0,0.066401062,0.024347056,0,0,0.057547587,0,0,0,0,0,0,0,0,0.024347056,0,0,0,0,0,0,0,0,0,0,0,0,0,0,0.068614431,0,0,0,0,0,0,0,0,0,0,0,0,0,0,0,0,0,0,0,0,0,0,0,0,0.205843293,0,0,0,0,0,0,0,0,0,0,0,0,0.039840637,0,0,0,0,0,0,0,0.064187694,0.044267375,0,0,0,0,0,0,0,0,0,0,0,0,0.066401062,0.026560425,0,0,0,0,0,0,0,0,0,0,0,0,0,0,0,0,0,0,0,0,0,0,0,0,0,0,0,0,0,0,0,0,0,0,0,0,0,0,0,0,0.01770695,0,0,0,0,0,0,0,0,0,0,0,0,0,0,0,0,0,0,0,0,0,0,0,0,0,0,0,0,0,0,0,0,0,0,0,0,0,0,0,0,0,0,0,0,0,0,0,0,0,0,0,0,0,0,0,0,0,0,0,0,0,0,0,0,0,0.01770695,0,0,0,0,0,0,0,0,0,0,0,0,0,0,0,0,0,0,0,0,0,0,0,0,0,0,0,0,0,0,0,0,0,0,0,0,0,0,0,0,0,0,0,0.024347056,0,0,0,0,0,0,0,0,0,0,0,0,0,0,0,0,0,0,0,0,0,0,0,0,0,0,0,0,0,0,0,0,0,0,0,0,0,0,0,0,0,0,0,0,0,0,0,0,0,0,0,0,0,0,0,0,0,0,0,0,0,0,0,0,0,0,0,0,0,0,0,0,0,0,0,0,0,0,0,0,0,0,0,0,0,0,0,0,0,0,0,0,0,0,0,0,0,0,0,0,0,0,0,0,0,0,0,0,0,0,0,0,0,0,0,0,0,0,0,0,0,0,0,0,0,0,0,0,0,0,0,0,0,0,0,0,0,0,0,0,0,0,0,0,0,0,0,0,0,0,0,0,0,0,0,0,0,0,0,0,0,0,0,0,0,0,0,0,0,0,0,0,0,0,0,0,0,0,0,0,0,0,0,0,0,0,0,0,0,0,0,0,0,0,0,0,0,0,0,0,0,0,0,0,0,0,0,0,0,0,0,0,0,0,0,0,0,0,0,0,0,0,0,0,0,0,0,0,0,0,0,0,0,0,0,0,0,0,0,0,0,0,0,0,0,0,0,0,0,0,0,0,0,0,0,0
D3-PM2,PM,3 d,4.86,28.49644064,12.51887539,1.27993097,0.715467031,6.942546919,0.427842094,1.70058244,1.67901057,11.40792407,2.944560293,2.491551017,1.078593514,1.387790321,0.02157187,0,0.37750773,0.043143741,0.212123391,1.179262242,7.90968577,0.097073416,0.316387431,1.851585532,0,0.212123391,0.143812469,0,0.7981592,0,2.68569785,2.110447976,0.215718703,0.302006184,0,0,0,0.488962393,0,0.053929676,0,0.12583591,0.179765586,0,0.319982743,0,0.42065147,0.952757604,0,0,0.172574962,0,0,0,0,0,0.212123391,0.093478105,0.140217157,0,0,0,0,0,0.143812469,0.154598404,0,0,0,0,0,0,0,0,0,0,0.039548429,0,0.143812469,0.309196807,0.363126483,0,0,0,0,0,0,0.172574962,0,0,0.276839002,0,0,0.12583591,0,0,0,0.10426404,0,0,0,0,0,0.370317106,0,0,0.032357805,0,0,0,0,0,0,0,0,0,0,0,0.647156108,0.061120299,0,0,0,0,0.359531171,0,0,0,0,0,0,0.327173366,0.050334364,0,0,0,0,0,0,0,0,0,0,0,0,0,0,0,0,0,0,0,0,0,0,0,0,0,0,0,0,0,0.075501546,0,0,0,0,0,0.075501546,0.039548429,0,0,0,0.064715611,0,0,0,0,0,0,0,0,0,0,0,0.02157187,0,0.194146833,0,0,0,0,0,0,0,0,0,0,0,0,0,0,0,0,0,0,0,0,0,0,0,0,0,0,0,0,0,0,0,0,0,0,0,0,0.039548429,0,0,0,0,0,0,0.025167182,0,0,0,0.035953117,0,0,0.086287481,0,0,0,0,0,0.075501546,0,0,0,0,0,0,0,0,0,0,0,0,0,0,0,0,0,0,0,0,0,0,0,0,0,0,0.053929676,0,0,0,0,0,0,0,0,0,0,0,0,0.079096858,0,0,0,0,0,0.064715611,0,0,0,0,0,0,0.032357805,0,0,0,0,0,0,0,0,0,0,0.003595312,0,0,0.107859351,0,0,0,0,0.097073416,0,0,0,0,0,0,0,0,0,0,0,0,0,0,0,0.02157187,0,0,0,0,0,0,0.143812469,0,0,0,0,0,0,0,0,0,0,0,0,0.143812469,0.043143741,0,0,0,0,0,0,0,0,0,0,0,0,0,0,0,0,0,0,0,0,0,0,0,0,0,0,0,0.068310923,0,0,0,0,0,0,0,0,0,0,0,0,0,0,0,0,0,0,0,0,0,0,0,0,0,0,0,0,0,0,0,0,0,0,0,0,0,0,0,0,0,0,0,0,0,0,0,0,0,0,0,0,0,0,0,0,0,0,0,0,0,0,0,0,0,0,0,0,0,0,0,0,0,0,0,0,0,0,0,0,0,0,0,0,0,0,0,0,0,0,0,0,0,0,0,0,0,0,0,0,0,0,0,0,0,0,0,0,0,0,0,0,0,0,0,0,0,0,0,0,0,0,0,0,0,0,0,0,0,0,0,0,0,0,0,0,0,0,0,0,0,0,0,0,0,0,0,0,0,0,0,0,0,0,0,0,0,0,0,0,0,0,0,0,0,0,0,0,0,0,0,0,0,0,0,0,0,0,0,0,0,0,0,0,0,0,0,0,0.017976559,0,0,0,0,0,0,0,0,0,0,0,0,0,0,0,0,0,0,0,0,0,0,0,0,0,0,0,0,0,0,0,0,0,0,0,0,0,0,0,0,0,0,0,0,0,0,0,0,0,0,0,0,0,0,0,0,0,0,0,0,0,0,0,0,0,0,0,0,0,0,0,0,0,0,0,0,0,0,0,0,0,0,0,0,0,0,0,0,0,0,0,0,0,0,0,0,0,0,0,0,0,0,0,0,0,0,0,0,0,0,0,0,0,0,0,0,0,0,0,0,0,0,0,0,0,0,0,0,0,0,0,0,0,0,0,0,0,0,0,0,0,0,0,0,0,0,0,0,0,0,0,0,0,0,0,0,0,0,0,0,0,0,0,0,0,0,0,0,0,0,0,0,0,0,0,0,0,0,0,0,0,0,0,0,0,0,0,0,0,0,0,0,0,0,0,0,0,0,0,0,0,0,0,0,0,0,0,0,0,0,0,0,0,0,0
D3-PM3,PM,3 d,1.69,4.067453137,9.039588912,0.91915756,1.367880148,1.527104292,0.839545487,0.91915756,2.344937396,8.352030108,7.222986176,5.746544112,1.802127814,8.040819281,0.180936527,0.427010205,1.244843309,0,1.968589419,1.84555258,6.347253384,0.246073677,0.101324455,3.727292466,0,0,1.802127814,0,3.387131794,0,0.231598755,1.12180647,1.034956937,0.521097199,0,0,1.722515741,1.18694362,0,0.086849533,0,0.347398133,0.079612072,0,0.91915756,0,0.46319751,0.730983571,0.050662228,0,0.180936527,0,0,0,0,0,0,0.180936527,0.752695954,1.411304914,0.144749222,0,0,1.983064341,0.347398133,0.253311138,0,2.127813563,0,0.615184193,0,0,0.188173989,0,0.419772744,0,0.188173989,0,0.361873055,0.094086994,0.289498444,0,0,0,0,0,0,0.224361294,0.427010205,0,0.086849533,0,0,0.361873055,0.557284505,0,0,0,0,0,0,0,0,0,0,0,0,0,0,0,0,0,0,0,0,0,0,0.209886372,0,0.101324455,0,0,0.535572121,0.19541145,0.716508649,0,0,0.086849533,0,0,0,0.390822899,0,0,0,0,0,0,0,0,0,0,0,0.094086994,0,0.180936527,0,0,0,0,0,0.115799378,0,0,0,0.296735905,0,0,0,0,0.224361294,0,0,0,0.057899689,0,0,0,0,0,0,0,0,0.238836216,0,0,0.115799378,0,0,0.188173989,0,0,0,0,0,0,0,0.159224144,0,0,0,0,0,0,0,0,0,0.079612072,0,0,0,0,0,0,0,0,0,0.180936527,0.275023522,0,0,0,0,0.094086994,0,0,0,0,0,0,0,0,0,0,0,0,0,0,0,0,0,0,0,0,0,0.202648911,0,0,0,0,0,0,0,0.246073677,0.224361294,0,0,0.1302743,0,0,0.137511761,0,0,0,0,0,0.166461605,0.108561916,0,0,0,0,0,0,0,0,0.028949844,0,0,0,0,0,0,0,0,0,0,0,0,0,0,0,0,0,0,0,0,0.123036839,0,0,0,0,0.108561916,0,0,0,0,0,0,0,0,0,0.173699066,0,0,0,0,0,0.007237461,0,0,0,0,0,0,0,0,0,0,0,0,0,0,0.159224144,0.253311138,0,0,0,0,0,0,0,0.079612072,0,0,0,0,0,0,0,0,0,0,0,0,0,0,0,0,0,0,0,0,0,0,0,0,0,0.151986683,0,0,0,0,0,0,0,0,0,0,0,0,0,0,0,0,0,0,0,0,0,0,0,0,0,0,0,0,0,0,0,0,0,0,0,0,0,0,0,0,0,0,0,0,0,0,0,0,0,0,0,0,0,0,0,0,0,0,0,0,0,0,0,0,0,0,0,0,0,0,0,0,0,0,0,0,0,0,0,0,0,0,0,0,0,0,0,0,0,0,0,0,0,0,0,0,0,0,0,0,0,0,0,0,0,0,0,0,0,0,0,0,0,0,0,0,0,0,0,0,0,0,0,0,0,0,0,0,0,0,0,0,0,0,0,0,0,0,0,0,0,0,0,0,0,0,0,0,0,0,0,0,0,0,0,0,0,0,0,0,0,0,0,0,0,0,0,0,0,0,0,0,0,0,0,0,0,0,0,0,0,0,0,0,0,0,0,0,0,0,0,0,0,0,0,0,0,0,0,0,0,0,0,0,0,0,0,0,0,0,0,0,0,0,0,0,0,0,0,0,0,0,0,0,0,0,0,0,0,0,0,0,0,0,0,0,0,0,0,0,0,0,0,0,0,0,0,0,0,0,0,0,0,0,0,0,0,0,0,0,0,0,0,0,0,0,0,0,0,0,0,0,0,0,0,0,0,0,0,0,0,0,0,0,0,0,0,0,0,0,0,0,0,0,0,0,0,0,0,0,0,0,0,0,0,0,0,0,0,0,0,0,0,0,0,0,0,0,0,0,0,0,0,0,0,0,0,0,0,0,0,0,0,0,0,0,0,0,0,0,0,0,0,0,0,0,0,0,0,0,0,0,0,0,0,0,0,0,0,0,0,0,0,0,0,0,0,0,0,0,0,0,0,0,0,0,0,0,0,0,0,0,0,0,0,0,0,0,0,0,0,0,0,0,0,0,0,0,0,0,0,0,0,0,0,0,0,0,0,0,0,0,0,0,0,0,0,0,0,0,0,0,0,0,0,0,0
D7-PM2,PM,7 d,1.37,0.850750268,7.851018221,0,0.053590568,0.348338692,0.502411576,0.060289389,0.576098607,10.87888532,4.6556806,4.648981779,0.388531618,2.090032154,0,1.091907824,0.288049303,0,0,0.7971597,6.484458735,0.187566988,0,1.647909968,0.234458735,0.73017149,1.13210075,0.723472669,3.1886388,0,13.72588424,4.381028939,1.339764202,0.160771704,0,0,1.112004287,0.482315113,0,0.288049303,0,0.649785638,2.485262594,0,0,0.160771704,1.319667738,1.761789925,0.187566988,0,0,0,0,0,0,0,0.107181136,0,1.480439443,1.031618435,1.192390139,0,0,0,1.145498392,0,1.178992497,0,0,0,0,0,0.194265809,0,0.167470525,0,0.522508039,0,0.475616292,0.696677385,0.763665595,0,0,0,0,0,0,0.060289389,0.274651661,0,0.093783494,0,0,0.033494105,0.33494105,0,0,0.348338692,0.046891747,0.770364416,0,0.073687031,0,0.636387996,0.502411576,0,0,0,0,0,0,0.147374062,0,0,0,0,0,0.140675241,0.991425509,0,0,0,0.669882101,0.261254019,0.408628081,0,0,0.308145766,0,0,0,0.046891747,0.602893891,0,0,0,0,0,0,0.321543408,0,0,0,0.348338692,0,0,0,0,0,0,0,0,0,0,0,0,0,0.140675241,0,0,0,0,0.361736334,0,0,0,0.308145766,0,0,0,0,0,0,0,0,0,0.06698821,0,0.13397642,0,0,0,0,0,0,0,0,0,0,0,0,0,0,0,0,0,0,0.261254019,0,0,0,0,0,0,0,0.26795284,0.576098607,0.288049303,0.06698821,0,0,0,0,0,0,0.20096463,0,0,0,0,0,0.040192926,0,0,0,0.06698821,0,0,0.120578778,0.388531618,0,0,0,0,0,0,0,0,0,0,0,0,0.046891747,0,0.053590568,0,0,0,0,0.194265809,0,0,0,0,0,0,0.140675241,0.087084673,0,0,0.13397642,0,0,0,0,0,0.040192926,0,0,0,0,0.006698821,0,0,0,0,0,0,0.187566988,0,0,0,0,0,0.113879957,0.093783494,0,0,0,0,0,0,0.120578778,0,0,0,0,0,0,0,0,0,0.180868167,0.214362272,0,0.154072883,0,0,0.006698821,0,0,0,0.046891747,0.087084673,0,0,0.194265809,0,0,0,0,0,0.040192926,0,0,0,0,0,0,0,0,0,0.20096463,0,0,0,0,0,0,0,0,0,0,0,0,0,0,0,0,0,0,0,0,0,0,0,0.221061093,0,0,0.113879957,0,0,0.087084673,0,0,0,0,0,0,0,0,0,0,0,0,0,0,0,0,0,0,0,0,0,0,0,0,0,0,0,0,0,0,0,0.080385852,0,0,0,0,0,0,0,0,0,0,0,0,0,0,0,0,0,0,0,0,0,0,0,0,0,0,0,0,0,0,0,0,0,0,0,0,0,0,0,0,0,0,0,0,0,0,0,0,0,0,0,0,0,0,0,0,0,0,0,0,0,0,0,0,0,0,0,0,0,0,0,0,0,0,0,0,0,0,0,0,0,0,0,0,0,0,0,0,0,0,0.020096463,0,0,0,0,0,0,0,0,0,0,0,0,0,0,0,0,0,0,0,0,0,0,0,0,0,0,0,0,0,0,0,0,0,0,0,0,0,0,0,0,0,0,0,0,0,0,0,0,0,0,0,0,0,0,0,0,0,0,0,0,0,0,0,0,0,0,0,0,0,0,0,0,0,0,0,0,0,0,0,0,0,0,0,0,0,0,0,0,0,0,0,0,0,0,0,0,0,0,0,0,0,0,0,0,0,0,0,0,0,0,0,0,0,0,0,0,0,0,0,0,0,0,0,0,0,0,0,0,0,0,0,0,0,0,0,0,0,0,0,0,0,0,0,0,0,0,0,0,0,0,0,0,0,0,0,0,0,0,0,0,0,0,0,0,0,0,0,0,0,0,0,0,0,0,0,0,0,0,0,0,0,0,0,0,0,0,0,0,0,0,0,0,0,0,0,0,0,0,0,0,0,0,0,0,0,0,0,0,0,0,0,0,0,0,0,0,0,0,0,0,0,0,0,0,0,0,0,0,0,0,0,0,0,0,0,0,0,0,0,0,0,0,0,0,0,0,0,0,0,0,0,0,0,0,0,0,0,0,0,0,0,0,0,0,0,0,0,0,0,0,0,0,0,0,0,0,0,0,0,0,0,0,0,0,0,0,0,0,0,0,0,0,0,0,0,0,0,0,0,0
D7-PM3,PM,7 d,1.52,2.015355086,5.710172745,0,0.223928343,0.399872041,0.415866923,0.127959053,0.335892514,8.877159309,3.726807422,3.934740883,0.255918106,3.438899552,0.767754319,0.543825976,0,0,0.063979527,1.119641715,7.597568778,0,0,0.639795266,0.127959053,0,14.65131158,0.68777991,6.989763276,0,0.303902751,2.399232246,2.159309021,0.239923225,0,0,1.471529111,0.175943698,0,0,0,0.87971849,2.239283429,0,0.239923225,0,0,0,0.143953935,0,0,0,0,0,0,0,0,0,2.175303903,2.367242482,0,0,0,2.015355086,0.703774792,0,2.511196417,1.711452335,0,1.743442099,0,0,0.127959053,0,0,0,1.039667306,0,0.7837492,0,0.655790147,0,0,0,0,0.351887396,0,0,1.615483045,0,0,0,0,0.143953935,0,0,0,0,0,0,0,0,0,0.559820857,0.575815739,0,0,0,0,0,0,0,0,0,0,0,0.19193858,0,0,0.111964171,0,0,0,0,0,0.143953935,0,0.19193858,0,0,0,0,0.671785029,0,0,0.463851567,0,0,0,0,0,0,0,0,0,0,0,0,0,0,0,0,0,0,0,0.079974408,0.335892514,0,0,0,0.607805502,0,0.623800384,0,0,0,0,0,0,0,0,0,0,0,0.223928343,0,0,0,0,0,0,0,0,0,0,0,0,0.063979527,0,0,0,0,0,0,0,0,0,0.159948816,0,0,0,0,0,0.639795266,0,0,0.19193858,0.271912988,0,0,0.207933461,0,0,0,0,0,0,0,0,0,0,0,0,0,0,0.287907869,0,0,0,0,0,0,0,0,0,0,0,0,0,0,0,0,0.495841331,0.287907869,0,0,0,0.175943698,0,0.271912988,0,0,0,0,0,0,0,0,0,0,0,0,0,0,0,0,0.399872041,0,0,0,0,0,0,0,0,0,0,0,0,0,0,0,0,0,0.223928343,0.319897633,0,0,0,0,0,0,0,0,0,0,0,0,0,0,0,0,0,0,0,0,0,0,0,0,0,0,0,0,0,0,0,0,0,0,0,0,0.255918106,0,0,0,0,0,0,0,0,0,0,0,0,0,0,0,0,0,0,0,0,0,0,0,0,0,0,0,0,0,0,0,0,0,0,0,0,0,0,0,0,0,0,0,0,0,0,0,0,0,0,0,0,0,0,0,0,0,0,0,0,0,0,0,0,0,0,0.111964171,0,0,0,0,0,0,0,0,0,0,0,0,0,0,0,0,0,0,0,0,0,0,0,0,0,0,0,0,0,0,0,0,0,0,0,0,0,0,0,0,0,0,0,0,0,0,0,0,0,0,0,0,0,0,0,0,0,0,0,0,0,0,0,0,0,0,0,0,0,0,0,0,0,0,0,0,0,0,0,0,0,0,0,0,0,0,0,0,0,0,0,0,0,0,0,0,0,0,0,0,0,0,0,0,0,0,0,0,0,0,0,0,0,0,0,0,0,0,0,0,0,0,0,0,0,0,0,0,0,0,0,0,0,0,0,0,0,0,0,0,0,0,0,0,0,0,0,0,0,0,0,0,0,0,0,0,0,0,0,0,0,0,0,0,0,0,0,0,0,0,0,0,0,0,0,0,0,0,0,0,0,0,0,0,0,0,0,0,0,0,0,0,0,0,0,0,0,0,0,0,0,0,0,0,0,0,0,0,0,0,0,0,0,0,0,0,0,0,0,0,0,0,0,0,0,0,0,0,0,0,0,0,0,0,0,0,0,0,0,0,0,0,0,0,0,0,0,0,0,0,0,0,0,0,0,0,0,0,0,0,0,0,0,0,0,0,0,0,0,0,0,0,0,0,0,0,0,0,0,0,0,0,0,0,0,0,0,0,0,0,0,0,0,0,0,0,0,0,0,0,0,0,0,0,0,0,0,0,0,0,0,0,0,0,0,0,0,0,0,0,0,0,0,0,0,0,0,0,0,0,0,0,0,0,0,0,0,0,0,0,0,0,0,0,0,0,0,0,0,0,0,0,0,0,0,0,0,0,0,0,0,0,0,0,0,0,0,0,0,0,0,0,0,0,0,0,0,0,0,0,0,0,0,0,0,0,0,0,0,0,0,0,0,0,0,0
D1-PB1,PB,1 d,84.96,72.11874407,3.979731137,8.135310859,3.007936324,0.039334552,1.422985261,0.527545755,1.425299058,0.19667276,1.045836322,0.175848585,0.596959671,0.201300354,0.485897406,0,1.547930308,0.629352831,0.36789375,0.263772878,0.069413915,0.034706958,0.42573868,0.273028066,0.166593396,0.092551887,0,0.055531132,0,0,0,0,0,0.013882783,0.141141628,0,0,0.085610495,0.178162382,0.131886439,0,0.025451769,0.094865684,0.495152595,0.046275943,0,0,0,0,0,0.094865684,0.129572642,0,0,0,0,0.048589741,0,0,0,0.07404151,0,0,0,0,0.046275943,0,0,0,0,0,0,0.004627594,0,0,0,0,0.055531132,0,0,0,0.043962146,0,0.023137972,0,0,0,0,0,0,0,0.043962146,0,0.048589741,0,0,0,0,0,0,0,0,0,0,0,0,0,0,0,0,0,0.01619658,0.046275943,0,0,0,0,0,0,0,0,0,0,0,0,0,0,0.018510377,0,0,0,0,0,0,0,0,0,0,0,0,0,0,0,0,0.041648349,0,0,0,0,0,0,0,0,0,0,0,0,0,0,0,0,0,0,0,0,0,0,0,0.046275943,0,0,0,0,0,0,0,0,0,0,0,0,0,0,0,0,0,0,0,0,0,0,0,0.129572642,0,0,0,0,0,0,0,0,0,0,0,0,0,0,0,0,0,0,0,0,0.027765566,0,0,0,0,0,0,0.113376061,0,0.10643467,0,0,0,0,0,0,0,0,0,0,0,0,0.013882783,0,0,0,0.055531132,0,0,0,0,0,0,0,0,0,0,0,0,0,0,0,0,0,0,0,0,0,0,0.050903538,0,0,0,0,0,0,0,0,0,0,0,0,0,0,0,0,0,0,0,0,0,0,0,0,0,0,0,0,0,0,0,0,0,0,0,0,0,0,0,0,0,0,0,0,0,0.01619658,0,0,0,0,0,0,0,0,0,0,0,0,0,0,0,0,0.013882783,0,0,0,0,0,0,0,0,0,0,0,0,0,0,0,0,0,0,0,0,0,0,0,0,0,0,0,0,0.060158726,0,0,0,0,0,0,0,0,0,0,0,0,0,0,0,0,0,0,0,0,0,0,0,0,0,0,0,0,0,0,0,0,0,0.07404151,0,0,0,0,0,0,0,0,0,0,0,0,0,0,0,0,0,0,0,0,0,0,0,0,0,0,0,0,0,0.027765566,0,0,0,0,0,0,0,0,0.013882783,0,0,0,0,0,0,0,0,0,0,0,0,0,0,0,0,0,0,0,0,0,0,0,0,0,0,0,0,0,0,0,0,0,0,0,0,0,0,0,0,0,0,0,0,0,0,0,0,0,0,0,0,0,0,0,0,0,0,0,0,0,0,0,0,0,0,0,0,0,0,0,0,0,0,0,0,0,0,0,0,0,0,0,0,0,0,0,0,0,0,0,0,0,0,0.006941392,0,0,0,0,0,0,0,0,0,0,0,0,0,0,0,0,0,0,0,0,0,0,0,0,0,0,0,0,0,0,0,0,0,0,0,0,0,0,0,0,0,0,0,0,0,0,0,0,0.009255189,0,0,0,0,0,0,0,0,0,0,0,0,0,0,0,0,0,0,0,0,0,0,0,0,0,0,0,0,0,0,0,0,0,0,0,0,0,0,0,0,0,0,0,0,0,0,0,0,0,0,0,0,0,0,0,0,0,0,0,0,0,0,0,0,0,0,0,0,0,0,0,0,0,0,0,0,0,0,0,0,0,0,0,0,0,0,0,0,0,0,0,0,0,0,0,0,0,0,0,0,0,0,0,0,0,0,0,0,0,0,0,0,0,0,0,0,0,0,0,0,0,0,0,0,0,0,0,0,0,0,0,0,0,0,0,0,0,0,0,0,0,0,0,0,0,0,0,0,0,0,0,0,0,0,0,0,0,0,0,0,0,0,0,0,0,0,0,0,0,0,0,0,0,0,0,0,0,0,0,0,0,0,0,0,0,0,0,0,0,0,0,0,0,0,0,0,0,0,0,0,0,0,0,0,0,0,0,0,0,0,0,0,0,0
D1-PB3,PB,1 d,83.47,72.774911,4.980199208,6.32625305,3.686147446,0.02800112,1.296051842,0.926037041,1.194047762,0.17800712,0.880035201,0.08800352,0.884035361,0.25401016,0.432017281,0.10400416,1.518060722,0.870034801,0.2100084,0.358014321,0.05400216,0.06800272,0.444017761,0.376015041,0.0900036,0,0,0,0,0,0,0,0,0,0.0300012,0,0,0.10200408,0.10400416,0,0,0.04400176,0,0.400016001,0.04400176,0,0,0,0,0,0,0.100004,0,0,0,0,0,0,0,0,0,0,0,0,0,0.13600544,0,0,0,0,0.01200048,0,0.01600064,0,0.03600144,0,0,0.08800352,0,0,0,0.03600144,0,0.050002,0,0,0,0,0,0,0,0.08800352,0.05200208,0.03200128,0,0,0,0,0,0,0,0,0,0,0,0,0,0,0,0,0,0,0.04400176,0,0.02800112,0,0,0.03600144,0,0,0,0,0,0,0,0,0,0.01400056,0,0.04800192,0,0,0,0,0,0,0,0,0,0,0,0,0,0,0.03400136,0,0,0,0,0,0,0.05800232,0,0,0,0,0,0,0,0,0,0,0,0,0,0,0,0,0,0,0,0,0,0,0,0,0,0,0,0,0,0,0,0,0,0.0100004,0,0,0,0,0,0,0.07400296,0,0,0,0,0,0,0,0,0,0,0,0,0,0,0,0,0,0,0,0,0,0,0,0,0,0,0,0,0,0.0100004,0,0,0.0100004,0,0,0.01200048,0,0,0,0,0,0,0,0,0,0,0,0,0,0,0,0,0,0,0,0,0,0,0,0,0,0,0,0,0,0,0,0,0,0,0,0,0,0,0,0.0600024,0,0,0,0,0,0,0,0,0,0,0,0,0,0,0,0,0,0,0,0,0,0,0,0,0,0,0,0.04200168,0,0,0,0,0,0,0,0,0,0,0,0,0,0,0,0,0,0,0,0,0,0,0,0,0,0,0,0,0,0,0,0,0,0,0,0,0,0,0,0,0,0,0,0,0,0,0,0,0,0,0,0,0,0,0,0,0,0,0,0,0,0,0,0,0,0,0,0,0,0,0,0,0,0,0,0,0,0,0,0,0,0,0.04400176,0,0,0,0,0,0,0,0,0.03600144,0,0,0,0,0,0,0,0,0,0,0,0,0,0,0,0,0,0,0,0,0,0,0,0,0,0,0,0,0,0.00800032,0,0,0,0,0,0,0,0,0,0,0,0,0,0,0,0,0,0,0,0,0,0,0,0,0,0,0,0,0,0,0,0,0,0,0,0,0,0,0,0,0,0,0,0,0,0,0,0,0,0,0,0,0,0,0,0,0.01200048,0,0,0,0,0,0,0,0,0,0,0,0.02200088,0,0,0,0,0,0,0,0,0,0,0,0,0,0,0,0,0,0,0,0,0,0,0,0,0,0,0,0,0,0,0,0,0,0,0,0,0,0,0,0,0,0,0,0,0,0,0,0,0,0,0,0,0,0,0,0,0,0,0,0,0,0,0,0,0,0,0,0,0,0,0,0,0,0,0,0,0,0,0,0,0,0,0,0,0,0,0,0,0,0,0,0,0,0,0,0,0,0,0,0,0,0.00400016,0.00400016,0,0,0,0,0,0,0,0,0,0,0,0,0,0,0,0,0,0,0,0,0,0,0,0,0,0,0,0,0,0,0,0,0,0,0,0,0,0,0,0,0,0,0,0,0,0,0,0,0,0,0,0,0,0,0,0,0,0,0,0,0,0,0,0,0,0,0,0,0,0,0,0,0,0,0,0,0,0,0,0,0,0,0,0,0,0,0,0,0,0,0,0,0,0,0,0,0,0,0,0,0,0,0,0,0,0,0,0,0,0,0,0,0,0,0,0,0,0,0,0,0,0,0,0,0,0,0,0,0,0,0,0,0,0,0,0,0,0,0,0,0,0,0,0,0,0,0,0,0,0,0,0,0,0,0,0,0,0,0,0,0,0,0,0,0,0,0,0,0,0,0,0,0,0,0,0,0,0,0,0,0,0,0,0,0,0,0,0,0,0,0,0,0,0,0
D3-PB1,PB,3 d,106.66,78.1091188,3.734778023,3.109118803,2.38277879,0.071914853,1.347204909,1.085914277,1.689999041,0.237319014,1.193786557,0.335602646,0.692779749,0.270879279,0.73592866,0.045546073,0.146226867,0.448269249,0.206155911,0.256496308,0.143829706,0.086297823,0.450666411,0.311631029,0.052737559,0.028765941,0,0.050340397,0.019177294,0,0,0,0.057531882,0.016780132,0.182184294,0,0,0.059929044,0.105475117,0,0,0,0.354779941,0.484226676,0.057531882,0.064723368,0.050340397,0,0,0,0.088694985,0.045546073,0,0.059929044,0,0,0.05513472,0,0,0,0.091092147,0,0,0,0,0,0,0,0,0,0,0,0.007191485,0,0,0,0,0,0,0,0,0.050340397,0,0,0,0,0,0,0,0,0,0,0,0.031163103,0,0,0,0,0,0.062326206,0,0,0,0,0,0,0,0,0,0,0,0,0.014382971,0,0.047943235,0.026368779,0,0,0,0,0,0,0,0,0,0,0,0.057531882,0,0,0,0,0,0,0,0,0,0,0,0,0,0,0.014382971,0,0,0,0,0,0,0,0,0,0,0,0,0,0,0,0,0,0,0,0,0,0,0,0.019177294,0,0,0,0,0,0,0,0,0,0,0,0,0,0,0,0,0,0,0,0,0,0,0,0,0,0.098283632,0,0,0,0,0,0,0,0,0,0,0,0,0,0,0,0,0,0,0,0,0,0,0,0,0,0,0,0.071914853,0,0.050340397,0,0.038354588,0,0,0,0.026368779,0,0,0,0,0,0,0.004794324,0,0,0,0,0,0,0,0,0,0,0,0,0,0.014382971,0,0,0,0,0,0,0,0,0,0,0,0,0.009588647,0,0,0,0,0,0,0,0,0,0,0,0,0,0,0,0,0,0,0,0,0,0,0,0,0,0,0,0,0,0,0,0,0,0,0,0,0,0,0,0,0,0,0,0,0,0.023971618,0,0,0,0,0,0,0,0,0,0,0,0,0,0,0,0,0,0,0,0,0,0,0,0,0,0,0,0,0,0,0,0,0,0,0,0,0,0,0,0,0,0,0,0,0,0,0,0,0,0,0,0,0,0,0,0,0,0,0,0,0,0,0,0,0,0,0,0,0,0,0.011985809,0,0,0,0,0,0,0,0,0.033560265,0,0,0,0,0,0.071914853,0,0,0,0,0,0,0,0,0.011985809,0,0,0,0,0,0,0.050340397,0,0,0,0,0,0,0,0.023971618,0.031163103,0,0,0,0,0,0,0,0,0,0,0,0,0,0,0,0,0,0,0,0,0,0,0,0,0,0,0,0,0,0,0,0,0,0,0,0,0,0,0,0,0,0,0,0,0,0,0,0,0,0,0,0,0,0,0,0,0,0,0,0,0,0,0,0,0,0.011985809,0,0.021574456,0,0,0,0,0,0,0,0,0,0,0,0,0,0,0,0,0,0,0,0,0,0,0,0,0.004794324,0,0,0,0,0,0,0,0,0,0.002397162,0,0,0,0,0,0,0,0,0,0,0,0,0,0,0,0,0,0,0,0,0,0,0,0,0,0,0,0,0,0,0,0,0,0,0,0,0,0,0,0,0,0,0,0,0,0,0,0.011985809,0.016780132,0,0,0,0,0,0,0,0,0,0,0,0,0,0,0,0,0,0,0.009588647,0,0,0,0,0,0,0,0,0,0,0,0,0,0,0,0,0,0,0,0,0,0,0,0,0,0,0,0,0,0,0,0,0,0,0,0,0,0,0,0,0,0,0,0,0,0,0,0,0,0,0,0,0,0,0,0,0,0,0,0,0,0,0,0,0,0,0,0,0,0,0,0,0,0,0,0,0,0,0,0,0,0,0,0,0,0,0,0,0,0,0,0,0,0,0,0,0,0,0,0,0,0,0,0,0,0,0,0,0,0,0,0,0,0,0,0,0,0,0,0,0,0,0,0,0,0,0,0,0,0,0,0,0,0,0,0,0,0,0,0,0,0,0,0,0,0,0,0,0,0,0,0,0,0,0,0,0,0,0,0,0,0,0,0,0,0,0,0,0,0,0,0,0,0,0,0,0,0,0,0,0,0,0,0,0,0,0,0,0,0,0,0,0,0,0
D3-PB3,PB,3 d,118.41,78.84959981,3.239358101,2.271731772,2.283677776,0.129415044,0.840202286,1.357862462,1.750089595,0.314578107,1.837693625,0.137379047,0.806355274,0.151316051,0.268785091,0.161271055,0.199100068,0.659021224,0.306614104,0.157289053,0.055748019,0.039820014,0.306614104,0.573408195,0.049775017,0,0,0.095568032,0.067694023,0.113487039,0,0,0,0.055748019,0.065703022,0,0.067694023,0.05973002,0.047784016,0,0,0.05773902,0,0.179190061,0,0.101541035,0.085613029,0,0.02986501,0,0.071676024,0.053757018,0,0.05773902,0,0,0,0,0,0,0.081631028,0,0,0,0,0.035838012,0,0,0,0,0,0.02986501,0,0,0.031856011,0,0,0.095568032,0,0,0,0.063712022,0.015928005,0,0,0,0,0,0,0,0,0,0.031856011,0,0,0,0,0,0,0,0,0,0,0,0,0,0,0,0,0,0,0,0.033847012,0,0,0,0,0,0,0,0,0,0,0.027874009,0,0,0,0,0,0.041811014,0,0,0,0,0.017919006,0,0,0,0,0,0,0,0,0,0,0,0,0,0.023892008,0,0,0,0,0,0,0,0,0,0,0,0,0,0,0,0,0,0,0.023892008,0.017919006,0,0,0,0.045793016,0,0,0,0,0,0,0,0,0,0,0,0,0.053757018,0,0,0,0,0,0,0.101541035,0.025883009,0,0.240911082,0,0.127424043,0,0,0,0,0,0,0,0,0,0,0,0,0,0,0,0.017919006,0,0,0,0,0,0,0.019910007,0,0.049775017,0.031856011,0.047784016,0,0,0,0,0,0,0,0,0,0,0,0,0,0.113487039,0,0,0,0,0,0,0,0,0,0.081631028,0,0,0,0,0,0,0,0,0,0,0,0,0,0,0,0,0,0,0,0.139370047,0,0,0,0,0,0,0,0,0,0,0,0,0,0,0,0,0,0,0,0,0,0,0,0,0,0,0,0,0,0,0.015928005,0,0,0,0,0,0,0,0.015928005,0,0,0,0,0,0,0,0,0,0,0,0,0,0,0,0,0,0,0,0,0,0,0,0,0,0,0,0,0,0.02986501,0,0,0,0,0,0,0,0,0.017919006,0,0,0,0,0,0,0,0.033847012,0,0,0,0,0,0,0,0,0,0,0,0,0,0,0,0,0,0,0,0,0,0,0,0,0.053757018,0,0,0,0,0,0,0,0,0,0,0,0,0.023892008,0,0,0,0,0,0,0,0,0,0,0,0,0.021901007,0,0,0,0,0.053757018,0,0,0,0,0,0,0,0.025883009,0,0,0,0,0,0,0,0,0,0,0,0,0,0,0,0,0,0,0,0,0,0,0,0,0,0,0,0,0,0,0,0,0,0,0,0,0,0,0,0,0,0,0,0,0,0,0,0,0,0,0,0,0,0,0.05773902,0,0,0,0,0,0,0,0,0,0,0,0,0,0,0,0,0,0,0,0,0,0,0,0,0,0,0,0,0,0,0,0,0,0,0,0,0,0,0,0,0,0,0,0,0,0,0,0,0.007964003,0,0,0,0,0,0,0,0.007964003,0,0,0,0,0,0,0,0,0,0,0,0,0,0,0,0,0,0,0,0,0,0,0,0,0,0,0,0,0,0,0,0,0,0,0,0,0,0,0,0,0,0,0,0,0,0,0,0,0,0,0,0,0,0,0,0,0,0,0,0.001991001,0,0,0,0,0,0,0,0,0,0,0,0,0,0,0,0,0,0,0,0,0,0,0,0,0,0,0,0,0,0,0,0,0,0,0,0,0,0,0,0,0,0,0,0,0,0,0.003982001,0,0,0,0,0,0,0,0,0,0,0,0,0,0,0,0,0,0,0,0,0,0,0,0,0,0,0,0,0,0,0,0,0,0,0,0,0,0,0,0,0,0,0,0,0,0,0,0,0,0,0,0,0,0,0,0,0,0,0,0,0,0,0,0,0,0,0,0,0,0,0,0,0,0,0,0,0,0,0,0,0,0,0,0,0,0,0,0,0,0,0,0,0,0,0,0,0,0,0,0,0,0,0,0,0,0,0,0,0,0,0,0,0,0,0,0,0,0,0,0,0,0,0,0,0,0,0,0,0,0,0,0,0,0,0,0,0,0,0,0,0,0,0,0,0,0,0,0
D7-PB1,PB,7 d,33.81,11.34725329,12.56524981,0,0.646283868,0.186428039,0,0.683569476,0.54685558,2.249565001,3.094705444,1.82699478,0.54685558,26.4354959,5.070842655,0,0.086999751,0,0.385284613,2.000994283,2.150136714,0,0,0.596569724,0,0,0,0.584141188,1.839423316,0,0,0.310713398,3.92741735,0.509569973,0.173999503,0.447427293,0,0.67114094,2.783992046,0,0,2.075565498,0.919711658,0,0.646283868,0.260999254,1.814566244,2.025851355,0,0,0,0,0,0,0,0,0,0,0.385284613,0,0.745712155,0,0,0,0,0.323141934,0,0,0,0.621426796,0,0,0.310713398,0,0.111856823,0,0.571712652,0,0,0.223713647,0.385284613,0,1.006711409,0,0,0,0,0,0.086999751,0,0,0.434998757,0,0.06214268,0,0,0,0,0,0,0,0,0,0,0,0,0,0,0,0,0,0,0.086999751,0,0,0,0,0,0,0.94456873,0,0,0,0.211285111,0,0,0,0,0,0,0,0,0,0,0,0,0,0.099428287,0,0,0.33557047,0,0.54685558,0,0,0,0,0,0,0,0,0,0,0,0,0,0,0,0,0.422570221,0.248570718,0,0,0.422570221,0,0,0.248570718,0,0,0.049714144,0,0,0,0.33557047,0.236142182,0,0,0,0.198856575,0,0,0,0,0,0,0,0,0,0,0,0,0,0,0,0,0,0.111856823,0,0,0,0,0,0,0,0,0,0,0,0,0,0,0,0,0,0,0,0,0,0,0,0,0,0,0,0,0,0,0,0,0,0,0,0,0,0,0.236142182,0,0,0,0,0,0,0,0,0,0,0,0,0,0,0,0,0,0,0,0,0,0,0,0,0,0,0,0,0,0,0,0,0,0,0,0.385284613,0,0,0,0,0,0,0,0,0,0,0,0,0,0,0,0,0,0,0,0,0,0,0,0,0,0,0,0,0,0,0,0,0,0,0,0,0,0,0,0,0,0,0,0,0,0,0,0,0,0,0,0,0,0,0,0,0,0,0,0,0,0,0,0,0,0,0,0,0,0,0,0,0,0,0.037285608,0,0,0,0,0,0,0,0,0.149142431,0,0,0,0,0,0,0,0,0,0,0,0,0,0,0,0,0,0,0,0,0,0,0,0,0,0,0,0,0,0,0,0,0,0,0,0,0,0,0,0,0,0,0,0,0,0,0,0,0,0,0,0,0,0,0,0,0,0,0,0,0,0,0,0,0,0,0,0,0,0,0,0,0,0,0,0,0,0,0,0,0,0,0,0,0,0,0,0,0,0,0,0,0,0,0,0,0,0,0,0,0,0,0,0,0,0,0,0,0,0,0,0,0,0,0,0,0,0,0,0,0,0,0,0,0,0,0,0,0,0.012428536,0,0,0,0,0,0,0,0,0,0,0,0,0,0,0,0,0,0,0,0,0,0,0,0,0,0,0,0,0,0,0,0,0,0,0,0,0,0,0,0,0,0,0,0,0,0,0,0,0,0,0,0,0,0,0,0,0,0,0,0,0,0,0,0,0,0,0,0,0,0,0,0,0,0,0,0,0,0,0,0,0,0,0,0,0,0,0,0,0,0,0,0,0,0,0,0,0,0,0,0,0,0,0,0,0,0,0,0,0,0,0,0,0,0,0,0,0,0,0,0,0,0,0,0,0,0,0,0,0,0,0,0,0,0,0,0,0,0,0,0,0,0,0,0,0,0,0,0,0,0,0,0,0,0,0,0,0,0,0,0,0,0,0,0,0,0,0,0,0,0,0,0,0,0,0,0,0,0,0,0,0,0,0,0,0,0,0,0,0,0,0,0,0,0,0,0,0,0,0,0,0,0,0,0,0,0,0,0,0,0,0,0,0,0,0,0,0,0,0,0,0,0,0,0,0,0,0,0,0,0,0,0,0,0,0,0,0,0,0,0,0,0,0,0,0,0,0,0,0,0,0,0,0,0,0,0,0,0,0,0,0,0,0,0,0,0,0,0,0,0,0,0,0,0,0,0,0,0,0,0,0,0,0,0,0,0,0,0,0,0,0,0,0,0,0,0,0,0,0,0
D7-PB3,PB,7 d,23.62,59.59114663,9.514294497,0.613109267,0.430371964,10.19571677,0.558458858,1.00420125,1.991324248,1.108378591,0.800970045,1.347474126,0.954674318,0.353519828,2.396078833,0.061481709,0.087099088,0.514055402,0.066605185,0.222017283,0.160535574,0.042695631,0.049526932,0.174198176,0,0.070020835,0,0.022201728,0.43207979,0.93930389,0,0,0.03244868,0.114424292,0,0,0,0.058066059,0,0,0,0,0,0.03244868,0.051234758,0.03586433,0,0,0.836834375,0,0,0,0,0,0,0,0,0,0.044403457,0,0.042695631,2.570277009,0,0,0,0.029033029,0,0,0,0,0,0,0.03586433,0,0,0,0,0.03586433,0,0,0.088806913,0,0,0,0,0,0,0,0,0,0,0,0,0,0.025617379,0,0,0,0,0.143457321,0,0,0,0,0,0,0,0,0,0,0,0,0,0,0,0,0,0,0,0,0,0.047819107,0,0,0.023909554,0,0,0.011954777,0,0.029033029,0,0.083683438,0,0,0,0,0,0,0,0,0,0,0.037572156,0,0,0,0,0.023909554,0,0,0,0.020493903,0,0,0,0,0,0,0,0,0,0,0.018786078,0,0,0,0,0,0,0,0,0,0,0,0,0,0,0.029033029,0,0,0,0,0,0,0,0.1690747,0,0.022201728,0,0,0,0,0.034156505,0.590907538,0,0.194692079,0,0.034156505,0,0,0,0,0.023909554,0,0,0,0,0,0,0,0,0,0,0,0,0,0,0,0,0,0,0,0.179321652,0,0,0,0,0,0.011954777,0,0,0,0,0,0,0,0,0,0.049526932,0,0,0,0,0,0,0,0,0,0,0,0,0,0,0,0,0,0,0,0,0.040987806,0,0,0,0,0,0,0,0,0.044403457,0,0,0,0,0,0,0,0,0,0,0,0,0,0,0,0,0,0,0,0,0,0.015370427,0,0,0,0,0,0,0,0,0,0,0,0,0,0,0,0,0,0.001707825,0,0,0,0,0,0,0,0,0,0,0,0,0,0.006831301,0,0,0,0,0,0,0,0,0,0,0,0,0,0,0,0,0,0,0,0,0,0,0,0,0,0,0.006831301,0,0,0.052942583,0,0,0,0.013662602,0,0,0,0,0,0.029033029,0,0,0,0,0,0,0,0,0,0,0,0.039279981,0,0,0,0,0.013662602,0,0,0,0,0,0,0,0,0,0,0,0,0.027325204,0,0,0,0,0,0,0,0,0,0,0,0,0,0,0,0,0,0,0,0,0,0,0,0,0,0.001707825,0,0,0,0,0,0,0,0.025617379,0,0,0,0,0,0,0,0,0,0,0,0,0,0,0,0,0,0,0,0,0,0,0,0,0,0,0,0.049526932,0,0,0,0,0,0.042695631,0,0,0,0,0,0,0,0,0,0,0,0,0,0,0,0,0,0,0,0,0,0,0,0,0,0,0.013662602,0,0,0,0,0,0,0,0,0,0,0,0,0,0,0,0,0,0,0,0,0,0,0,0,0,0,0,0,0,0,0,0,0,0.020493903,0.020493903,0,0,0,0,0,0,0,0,0,0,0,0,0,0,0,0,0,0,0,0,0,0,0,0,0,0,0,0,0,0,0,0,0,0,0,0,0,0,0,0,0,0,0,0,0,0,0,0,0,0.005123476,0,0,0,0,0,0,0,0,0,0,0,0,0,0,0,0,0.008539126,0.003415651,0,0,0,0,0,0,0,0,0,0,0,0,0,0,0,0,0,0,0,0,0,0,0,0,0,0,0,0,0,0,0,0,0,0,0,0,0,0,0,0,0,0,0,0,0,0,0.001707825,0,0,0,0,0,0,0,0,0,0,0,0,0,0,0,0,0,0,0,0,0,0,0,0,0,0,0,0,0,0,0,0,0,0,0,0,0,0,0,0,0,0,0,0,0,0,0,0,0,0,0,0,0,0,0,0,0,0,0,0,0,0,0,0,0,0,0,0,0,0,0,0,0,0,0,0,0,0,0,0,0,0,0,0,0,0,0,0,0,0,0,0,0,0,0,0,0,0,0,0,0,0,0,0,0,0,0,0,0,0,0,0,0,0,0,0,0,0,0,0,0,0,0,0,0,0,0,0,0,0,0,0,0,0,0,0,0,0,0,0,0,0,0,0,0,0,0,0
